开课学院,课程号,课程名,班级序号,教师名,学分,开课校区,教室类型,时间1,时间2,时间3,上课容量,主干课程
财税与公共管理学院,15043,公共经济学,A01,丁美东,3,蛟桥园校区, 多媒体,3-567,,,40,1
财税与公共管理学院,15043,公共经济学,A02,丁美东,3,蛟桥园校区, 多媒体,3-89A,,,40,1
财税与公共管理学院,15063,管理定量分析,A01,熊小刚,3,蛟桥园校区, 多媒体,3-89A,,,60,0
财税与公共管理学院,15074,纳税检查实务,A01,朱门添,4,蛟桥园校区, 多媒体,3-1234,,,78,1
财税与公共管理学院,15074,纳税检查实务,A02,朱门添,4,蛟桥园校区, 多媒体,4-1234,,,78,1
财税与公共管理学院,15074,纳税检查实务,A03,朱门添,4,蛟桥园校区, 多媒体,5-1234,,,76,1
财税与公共管理学院,15163,公共项目评估,A01,廖少纲,3,蛟桥园校区, 多媒体,2-567,,,60,1
财税与公共管理学院,15163,公共项目评估,A02,廖少纲,3,蛟桥园校区, 多媒体,3-89A,,,60,1
财税与公共管理学院,15242,公共政策,A01,杨道田,2,蛟桥园校区, 多媒体,2-12,,,30,1
财税与公共管理学院,15242,公共政策,A02,杨道田,2,蛟桥园校区, 多媒体,2-34,,,30,1
财税与公共管理学院,15263,财政学,A07,罗晓华,3,蛟桥园校区, 多媒体,1-567,,,103,1
财税与公共管理学院,15263,财政学,A08,程岚,3,蛟桥园校区, 多媒体,3-123,,,103,1
财税与公共管理学院,15263,财政学,A09,舒成,3,蛟桥园校区, 多媒体,4-567,,,103,1
财税与公共管理学院,15263,财政学,A10,肖建华,3,蛟桥园校区, 多媒体,4-123,,,55,1
财税与公共管理学院,15282,社会保障学,A01,赵万水,2,蛟桥园校区, 多媒体,4-12,,,0,0
财税与公共管理学院,15283,税法,A01,邱慈孙,3,蛟桥园校区, 多媒体,3-89A,,,110,1
财税与公共管理学院,15283,税法,A02,伍云峰,3,蛟桥园校区, 多媒体,1-567,,,76,1
财税与公共管理学院,15283,税法,A03,邱慈孙,3,蛟桥园校区, 多媒体,4-567,,,76,1
财税与公共管理学院,15283,税法,A04,徐建斌,3,蛟桥园校区, 多媒体,1-89A,,,76,1
财税与公共管理学院,15283,税法,A05,伍红1,3,蛟桥园校区, 多媒体,1-89A,,,76,1
财税与公共管理学院,15283,税法,A06,黄桂香,3,蛟桥园校区, 多媒体,2-567,,,76,1
财税与公共管理学院,15283,税法,A07,万莹,3,蛟桥园校区, 多媒体,2-89A,,,76,1
财税与公共管理学院,15283,税法,A08,徐建斌,3,蛟桥园校区, 多媒体,4-567,,,76,1
财税与公共管理学院,15302,行政管理学,A01,何植民,2,蛟桥园校区, 多媒体,3-34,,,0,0
财税与公共管理学院,15323,中国历代官职制度,A01,曾维涛,3,蛟桥园校区, 多媒体,2-567,,,101,0
财税与公共管理学院,15332,政治学原理,B01,黄勇辉,2,麦庐园校区, 多媒体,4-12,,,0,0
财税与公共管理学院,15332,政治学原理,B02,黄勇辉,2,麦庐园校区, 多媒体,4-34,,,0,0
财税与公共管理学院,15382,资产评估,A01,贾宝和,2,蛟桥园校区, 多媒体,2-12,,,77,0
财税与公共管理学院,15382,资产评估,A02,贾宝和,2,蛟桥园校区, 多媒体,3-12,,,77,0
财税与公共管理学院,15382,资产评估,A03,贾宝和,2,蛟桥园校区, 多媒体,4-12,,,77,0
财税与公共管理学院,15424,中国税制,A01,陈荣,4,蛟桥园校区, 多媒体,2-1234,,,76,1
财税与公共管理学院,15424,中国税制,A02,姚林香,4,蛟桥园校区, 多媒体,3-1234,,,76,1
财税与公共管理学院,15424,中国税制,A03,万莹,4,蛟桥园校区, 多媒体,2-1234,,,76,1
财税与公共管理学院,15424,中国税制,A04,席卫群,4,蛟桥园校区, 多媒体,3-1234,,,76,1
财税与公共管理学院,15424,中国税制,A05,黄桂香,4,蛟桥园校区, 多媒体,4-1234,,,76,1
财税与公共管理学院,15424,中国税制,A06,伍云峰,4,蛟桥园校区, 多媒体,2-1234,,,76,1
财税与公共管理学院,15432,国有资产管理,A01,蔡芳宏,2,蛟桥园校区, 多媒体,3-34,,,103,0
财税与公共管理学院,15482,税收会计,A01,黄桂香,2,蛟桥园校区, 多媒体,3-12,,,101,0
财税与公共管理学院,15482,税收会计,A02,黄桂香,2,蛟桥园校区, 多媒体,3-34,,,101,0
财税与公共管理学院,15543,社会保障基金管理,A01,陶纪坤,3,蛟桥园校区, 多媒体,3-89A,,,0,1
财税与公共管理学院,15552,中国财税史,A01,戴丽华,2,蛟桥园校区, 多媒体,3-12,,,76,0
财税与公共管理学院,15552,中国财税史,A02,戴丽华,2,蛟桥园校区, 多媒体,3-34,,,76,0
财税与公共管理学院,15553,社会调查研究方法与应用,A01,吴军民,3,蛟桥园校区, 多媒体,1-567,,,41,1
财税与公共管理学院,15553,社会调查研究方法与应用,A03,吴军民,3,蛟桥园校区, 多媒体,2-123,,,41,1
财税与公共管理学院,15553,社会调查研究方法与应用,A04,吴军民,3,蛟桥园校区, 多媒体,2-567,,,41,1
财税与公共管理学院,15622,员工培训,A01,余桔云,2,蛟桥园校区, 多媒体,1-34,,,0,0
财税与公共管理学院,15672,科学技术发展史,A02,熊小刚,2,蛟桥园校区, 多媒体,2-89,,,101,0
财税与公共管理学院,15672,科学技术发展史,B01,熊小刚,2,麦庐园校区, 普通,1-89,,,120,0
财税与公共管理学院,15693,社会保障学,A01,赵万水,3,蛟桥园校区, 多媒体,4-89A,,,0,0
财税与公共管理学院,15693,社会保障学,A03,赵万水,3,蛟桥园校区, 多媒体,2-567,,,0,1
财税与公共管理学院,15763,质性研究方法,A01,欧阳静,3,蛟桥园校区, 多媒体,2-567,,,60,0
财税与公共管理学院,15772,税务管理与纳税评估,A01,席卫群,2,蛟桥园校区, 多媒体,4-12,,,125,1
财税与公共管理学院,15772,税务管理与纳税评估,A02,席卫群,2,蛟桥园校区, 多媒体,4-34,,,125,1
财税与公共管理学院,15783,税务筹划,A01,万莹,3,蛟桥园校区, 多媒体,3-89A,,,78,0
财税与公共管理学院,15783,税务筹划,A02,黄桂香,3,蛟桥园校区, 多媒体,3-89A,,,78,0
财税与公共管理学院,15783,税务筹划,A03,席卫群,3,蛟桥园校区, 多媒体,1-89A,,,78,0
财税与公共管理学院,15793,税收经济学,A01,邱慈孙,3,蛟桥园校区, 多媒体,2-567,,,50,1
财税与公共管理学院,15793,税收经济学,A02,邱慈孙,3,蛟桥园校区, 多媒体,2-89A,,,50,1
财税与公共管理学院,15842,公共支出学,A01,万军,2,蛟桥园校区, 多媒体,3-89A,,,103,0
财税与公共管理学院,15862,国外财税制度（双语）,A01,王丽娟,2,蛟桥园校区, 多媒体,4-34,,,76,0
财税与公共管理学院,15862,国外财税制度（双语）,A02,王丽娟,2,蛟桥园校区, 多媒体,5-34,,,76,0
财税与公共管理学院,15862,国外财税制度（双语）,A03,陈卫东2,2,蛟桥园校区, 多媒体,4-89,,,76,0
财税与公共管理学院,15872,西方公共管理（双语）,A01,欧阳静,2,蛟桥园校区, 多媒体,2-89,,,60,0
财税与公共管理学院,15982,公务员应试技巧,A01,黄勇辉,2,蛟桥园校区, 多媒体,3-89A,,,120,0
财税与公共管理学院,15992,财政学,A01,徐崇波,2,蛟桥园校区, 多媒体,2-89,,,101,0
财税与公共管理学院,45003,公务员理论与实务,A01,曾维涛,3,蛟桥园校区, 多媒体,2-89A,,,120,0
财税与公共管理学院,45014,公共部门财务会计,A01,罗晓华,4,蛟桥园校区, 多媒体,2-1234,,,55,0
财税与公共管理学院,45032,公共规制,A01,廖少纲,2,蛟桥园校区, 多媒体,3-12,,,60,0
财税与公共管理学院,45032,公共规制,A02,廖少纲,2,蛟桥园校区, 多媒体,2-89,,,60,0
财税与公共管理学院,45033,政府预算管理,A01,罗晓华,3,蛟桥园校区, 多媒体,3-123,,,76,0
财税与公共管理学院,45033,政府预算管理,A02,吴进进,3,蛟桥园校区, 多媒体,1-567,,,76,0
财税与公共管理学院,45102,企业年金,A01,万谊娜,2,蛟桥园校区, 多媒体,4-34,,,0,0
财税与公共管理学院,45112,社会保障史,A01,伍先斌,2,蛟桥园校区, 多媒体,3-34,,,0,0
财税与公共管理学院,45122,工伤保险,A01,万谊娜,2,蛟桥园校区, 多媒体,2-34,,,0,0
财税与公共管理学院,45132,失业保险,A01,陶纪坤,2,蛟桥园校区, 多媒体,3-34,,,0,0
财税与公共管理学院,45182,中国社会保障政策分析,A01,陶纪坤,2,蛟桥园校区, 多媒体,2-12,,,0,0
财税与公共管理学院,45262,公共部门战略管理,A01,何植民,2,蛟桥园校区, 多媒体,5-34,,,60,0
财税与公共管理学院,45262,公共部门战略管理,A02,何植民,2,蛟桥园校区, 多媒体,5-34,,,60,0
财税与公共管理学院,45272,公共危机管理,A01,李胜1,2,蛟桥园校区, 多媒体,3-12,,,60,0
财税与公共管理学院,45272,公共危机管理,A02,李胜1,2,蛟桥园校区, 多媒体,3-89,,,60,0
财税与公共管理学院,45282,薪酬管理理论与实务,A01,余桔云,2,蛟桥园校区, 多媒体,1-12,,,0,0
法学院,07001,民事法案例研究,B01,熊玉梅,1,麦庐园校区, 多媒体,1-1234,,,0,0
法学院,07001,民事法案例研究,B02,谢志红,1,麦庐园校区, 多媒体,4-1234,,,0,0
法学院,07001,民事法案例研究,B03,熊进光,1,麦庐园校区, 多媒体,4-1234,,,0,0
法学院,07001,民事法案例研究,B04,刘先良,1,麦庐园校区, 多媒体,4-1234,,,0,0
法学院,07011,刑事法案例研究,B01,黄华生,1,麦庐园校区, 多媒体,3-56,,,0,0
法学院,07011,刑事法案例研究,B02,徐光华,1,麦庐园校区, 多媒体,2-34,,,0,0
法学院,07011,刑事法案例研究,B03,徐光华,1,麦庐园校区, 多媒体,2-12,,,0,0
法学院,07033,刑事诉讼法,B01,李忠民,3,麦庐园校区, 多媒体,3-89A,,,50,1
法学院,07033,刑事诉讼法,B02,易虹,3,麦庐园校区, 多媒体,2-567,,,50,1
法学院,07122,环境资源法,B01,徐丽媛,2,麦庐园校区, 多媒体,1-12,,,35,0
法学院,07122,环境资源法,B02,徐丽媛,2,麦庐园校区, 多媒体,1-34,,,35,0
法学院,07162,经济法,A02,夏秀渊,2,蛟桥园校区, 多媒体,5-34,,,85,0
法学院,07162,经济法,A03,张志伟,2,蛟桥园校区, 多媒体,1-12,,,85,0
法学院,07162,经济法,A04,张志伟,2,蛟桥园校区, 多媒体,1-34,,,85,0
法学院,07162,经济法,A05,陈江华,2,蛟桥园校区, 多媒体,3-12,,,85,0
法学院,07162,经济法,A06,陈江华,2,蛟桥园校区, 多媒体,3-34,,,85,0
法学院,07162,经济法,A07,巫文勇,2,蛟桥园校区, 多媒体,4-12,,,45,0
法学院,07162,经济法,A08,巫文勇,2,蛟桥园校区, 多媒体,4-34,,,45,0
法学院,07162,经济法,A09,欧阳君君,2,蛟桥园校区, 多媒体,2-12,,,85,0
法学院,07162,经济法,A10,陈凌,2,蛟桥园校区, 多媒体,1-34,,,85,0
法学院,07163,经济法,A01,熊云辉,3,蛟桥园校区, 多媒体,1-89A,,,0,0
法学院,07163,经济法,A02,夏秀渊,3,蛟桥园校区, 多媒体,3-89A,,,0,0
法学院,07163,经济法,B01,陈江华,3,麦庐园校区, 多媒体,3-89A,,,0,0
法学院,07163,经济法,B02,陈江华,3,麦庐园校区, 多媒体,4-89A,,,0,0
法学院,07221,法律社会学,B01,刘国,1,麦庐园校区, 多媒体,2-89,,,0,0
法学院,07221,法律社会学,B02,刘国,1,麦庐园校区, 多媒体,2-56,,,0,0
法学院,07282,保险法,B01,张怡超,2,麦庐园校区, 多媒体,1-34,,,45,0
法学院,07282,保险法,B02,张怡超,2,麦庐园校区, 多媒体,1-56,,,45,0
法学院,07302,婚姻家庭法,B01,熊玉梅,2,麦庐园校区, 多媒体,2-34,,,0,0
法学院,07311,模拟法庭训练,B01,李忠民,1,麦庐园校区, 多媒体,5-1234,,,0,0
法学院,07311,模拟法庭训练,B02,李忠民,1,麦庐园校区, 多媒体,5-1234,,,0,0
法学院,07311,模拟法庭训练,B03,熊云辉,1,麦庐园校区, 多媒体,5-1234,,,0,0
法学院,07311,模拟法庭训练,B04,熊云辉,1,麦庐园校区, 多媒体,3-89A,,,0,0
法学院,07312,立法学,B01,王辉1,2,麦庐园校区, 多媒体,4-34,,,0,0
法学院,07321,现实庭审,B01,巫文勇,1,麦庐园校区, 多媒体,3-89A,,,0,0
法学院,07332,房地产法,B01,陈凌,2,麦庐园校区, 多媒体,5-56,,,0,0
法学院,07342,海商法,B01,周维德,2,麦庐园校区, 多媒体,4-12,,,0,0
法学院,07342,海商法,B02,周维德,2,麦庐园校区, 多媒体,4-34,,,0,0
法学院,07361,影视中的法律,B01,易虹,1,麦庐园校区, 多媒体,1-89A,,,50,0
法学院,07393,劳动与社会保障法,A01,张志伟,3,蛟桥园校区, 多媒体,3-567,,,0,0
法学院,07542,侵权行为法,B01,汪志刚,2,麦庐园校区, 多媒体,5-34,,,0,0
法学院,07702,社会保障法,B01,杨德敏,2,麦庐园校区, 多媒体,3-34,,,0,0
法学院,07872,国际私法,B01,谌建,2,麦庐园校区, 多媒体,5-12,,,0,0
法学院,07872,国际私法,B02,陈凌,2,麦庐园校区, 多媒体,5-34,,,0,0
法学院,37012,法学通论,A01,谢红星,2,蛟桥园校区, 多媒体,4-89,,,105,0
法学院,37012,法学通论,A02,方颉琳,2,蛟桥园校区, 多媒体,4-12,,,105,0
法学院,37012,法学通论,A03,方颉琳,2,蛟桥园校区, 多媒体,4-34,,,105,0
法学院,37012,法学通论,A04,陈运生,2,蛟桥园校区, 多媒体,3-12,,,105,0
法学院,37012,法学通论,A05,陈运生,2,蛟桥园校区, 多媒体,3-34,,,105,0
法学院,37012,法学通论,A06,陈凌,2,蛟桥园校区, 多媒体,4-12,,,105,0
法学院,37012,法学通论,A07,陈凌,2,蛟桥园校区, 多媒体,4-34,,,105,0
法学院,37012,法学通论,A08,刘烁玲,2,蛟桥园校区, 多媒体,5-12,,,105,0
法学院,37012,法学通论,A09,刘烁玲,2,蛟桥园校区, 多媒体,5-34,,,105,0
法学院,37012,法学通论,A10,刘烁玲,2,蛟桥园校区, 多媒体,5-56,,,105,0
法学院,37012,法学通论,A11,喻晓玲,2,蛟桥园校区, 多媒体,5-12,,,105,0
法学院,37012,法学通论,A12,喻晓玲,2,蛟桥园校区, 多媒体,5-34,,,105,0
法学院,37012,法学通论,B01,谢红星,2,麦庐园校区, 多媒体,5-34,,,105,0
法学院,37012,法学通论,B02,陈运生,2,麦庐园校区, 多媒体,2-12,,,105,0
法学院,37012,法学通论,B03,陈运生,2,麦庐园校区, 多媒体,2-34,,,105,0
法学院,37012,法学通论,B04,马德才,2,麦庐园校区, 多媒体,5-12,,,105,0
法学院,37012,法学通论,B05,马德才,2,麦庐园校区, 多媒体,5-34,,,105,0
法学院,37012,法学通论,B06,吴德昌,2,麦庐园校区, 多媒体,3-12,,,105,0
法学院,37012,法学通论,B07,吴德昌,2,麦庐园校区, 多媒体,3-34,,,105,0
法学院,07A12,法律专业英语,B01,李晔,2,麦庐园校区, 多媒体,5-12,,,45,0
法学院,07A12,法律专业英语,B02,李晔,2,麦庐园校区, 多媒体,5-34,,,50,0
法学院,07A22,竞争法（双语）,B01,喻玲,2,麦庐园校区, 多媒体,2-89,,,0,0
法学院,07B12,商业与法律环境,B01,徐丽媛,2,麦庐园校区, 多媒体,2-34,,,0,0
法学院,07B12,商业与法律环境,B02,徐丽媛,2,麦庐园校区, 多媒体,2-56,,,0,0
法学院,07B22,财产与法律保护,B01,刘先良,2,麦庐园校区, 多媒体,3-12,,,0,0
法学院,07B22,财产与法律保护,B02,刘先良,2,麦庐园校区, 多媒体,3-34,,,0,0
法学院,07B22,财产与法律保护,B03,刘先良,2,麦庐园校区, 多媒体,1-34,,,0,0
法学院,07B52,经济法总论,B01,秦守勤,2,麦庐园校区, 多媒体,1-12,,,0,1
法学院,07B52,经济法总论,B02,秦守勤,2,麦庐园校区, 多媒体,1-34,,,0,1
法学院,07B92,大陆法系名著导读,B01,唐健飞,2,麦庐园校区, 多媒体,5-56,,,0,0
法学院,07C12,创业法学,A01,邓辉,2,蛟桥园校区, 多媒体,4-34,,,0,0
法学院,07C12,创业法学,A02,杨德敏,2,蛟桥园校区, 多媒体,3-12,,,0,0
法学院,07C12,创业法学,B01,张怡超,2,麦庐园校区, 多媒体,1-89,,,0,0
法学院,07C12,创业法学,B02,喻玲,2,麦庐园校区, 多媒体,2-12,,,0,0
工商管理学院,00012,创造学,A01,舒洪岚,2,蛟桥园校区, 多媒体,3-89,,,55,0
工商管理学院,00012,创造学,A02,王云,2,蛟桥园校区, 多媒体,3-56,,,55,0
工商管理学院,00012,创造学,B01,殷乾亮,2,麦庐园校区, 多媒体,5-34,,,55,0
工商管理学院,00012,创造学,B02,舒洪岚,2,麦庐园校区, 多媒体,2-89,,,55,0
工商管理学院,00013,管理学原理,A01,杨晓玲,3,蛟桥园校区, 多媒体,4-567,,,105,0
工商管理学院,00013,管理学原理,A02,杨晓玲,3,蛟桥园校区, 多媒体,4-89A,,,105,0
工商管理学院,00013,管理学原理,B03,夏锦文,3,麦庐园校区, 多媒体,5-567,,,105,1
工商管理学院,00023,市场营销,A01,吴登开,3,蛟桥园校区, 多媒体,3-123,,,105,0
工商管理学院,00023,市场营销,A02,吴登开,3,蛟桥园校区, 多媒体,4-89A,,,105,0
工商管理学院,00023,市场营销,A03,邱文华,3,蛟桥园校区, 多媒体,1-89A,,,105,0
工商管理学院,00023,市场营销,B01,钟岭,3,麦庐园校区, 多媒体,2-567,,,55,1
工商管理学院,00023,市场营销,B02,钟岭,3,麦庐园校区, 多媒体,2-89A,,,55,1
工商管理学院,00023,市场营销,B03,吴忠华,3,麦庐园校区, 多媒体,3-89A,,,55,1
工商管理学院,00032,商务谈判,B01,汪华林,2,麦庐园校区, 多媒体,2-34,,,121,0
工商管理学院,00042,绩效管理,B01,赵映云,2,麦庐园校区, 多媒体,5-12,,,55,0
工商管理学院,00042,绩效管理,B02,赵映云,2,麦庐园校区, 多媒体,5-34,,,55,0
工商管理学院,00043,生产运作管理,B01,龚代华,3,麦庐园校区, 多媒体,2-567,,,35,1
工商管理学院,00043,生产运作管理,B02,龚代华,3,麦庐园校区, 多媒体,2-89A,,,35,1
工商管理学院,00043,生产运作管理,B03,龚代华,3,麦庐园校区, 多媒体,3-89A,,,35,1
工商管理学院,00053,人力资源管理,B01,黄景洲,3,麦庐园校区, 多媒体,2-567,,,60,1
工商管理学院,00072,商业伦理学,B01,王利华,2,麦庐园校区, 多媒体,2-56,,,121,0
工商管理学院,00091,创业概论,A01,周林,1,蛟桥园校区, 多媒体,2-12,,,105,0
工商管理学院,00091,创业概论,A02,周林,1,蛟桥园校区, 多媒体,2-12,,,105,0
工商管理学院,00091,创业概论,A03,周林,1,蛟桥园校区, 多媒体,2-34,,,105,0
工商管理学院,00091,创业概论,A04,周林,1,蛟桥园校区, 多媒体,2-34,,,105,0
工商管理学院,00091,创业概论,A05,刘小铁,1,蛟桥园校区, 多媒体,1-34,,,102,0
工商管理学院,00091,创业概论,A06,刘小铁,1,蛟桥园校区, 多媒体,2-34,,,102,0
工商管理学院,00091,创业概论,A07,刘克春,1,蛟桥园校区, 多媒体,5-34,,,60,0
工商管理学院,00091,创业概论,A08,赖勤,1,蛟桥园校区, 多媒体,1-12,,,60,0
工商管理学院,00091,创业概论,A09,赖勤,1,蛟桥园校区, 多媒体,1-34,,,60,0
工商管理学院,00091,创业概论,A10,赖勤,1,蛟桥园校区, 多媒体,2-12,,,60,0
工商管理学院,00091,创业概论,A11,郭英,1,蛟桥园校区, 多媒体,2-12,,,60,0
工商管理学院,00091,创业概论,A12,郭英,1,蛟桥园校区, 多媒体,2-34,,,60,0
工商管理学院,00091,创业概论,A13,郭英,1,蛟桥园校区, 多媒体,2-34,,,60,0
工商管理学院,00091,创业概论,A14,宁亮,1,蛟桥园校区, 多媒体,3-12,,,61,0
工商管理学院,00091,创业概论,A15,宁亮,1,蛟桥园校区, 多媒体,3-34,,,61,0
工商管理学院,00091,创业概论,A16,赖勤,1,蛟桥园校区, 多媒体,2-34,,,60,0
工商管理学院,00091,创业概论,A17,赖勤,1,蛟桥园校区, 多媒体,3-12,,,60,0
工商管理学院,00091,创业概论,A18,赖勤,1,蛟桥园校区, 多媒体,3-34,,,60,0
工商管理学院,00091,创业概论,A19,赖勤,1,蛟桥园校区, 多媒体,1-12,,,60,0
工商管理学院,00091,创业概论,A20,郭英,1,蛟桥园校区, 多媒体,1-12,,,60,0
工商管理学院,00091,创业概论,A21,郭英,1,蛟桥园校区, 多媒体,1-34,,,60,0
工商管理学院,00091,创业概论,A22,郭英,1,蛟桥园校区, 多媒体,1-34,,,60,0
工商管理学院,00091,创业概论,A23,郭英,1,蛟桥园校区, 多媒体,2-12,,,60,0
工商管理学院,00091,创业概论,B01,周林,1,麦庐园校区, 多媒体,3-12,,,105,0
工商管理学院,00091,创业概论,B02,周林,1,麦庐园校区, 多媒体,3-34,,,105,0
工商管理学院,00091,创业概论,B03,刘克春,1,麦庐园校区, 多媒体,4-12,,,60,0
工商管理学院,00091,创业概论,B04,刘克春,1,麦庐园校区, 多媒体,3-12,,,60,0
工商管理学院,00091,创业概论,B05,刘克春,1,麦庐园校区, 多媒体,3-34,,,60,0
工商管理学院,00091,创业概论,B06,查伟晨,1,麦庐园校区, 多媒体,3-12,,,55,0
工商管理学院,00091,创业概论,B07,查伟晨,1,麦庐园校区, 多媒体,3-12,,,55,0
工商管理学院,00091,创业概论,B08,查伟晨,1,麦庐园校区, 多媒体,3-34,,,55,0
工商管理学院,00091,创业概论,B09,查伟晨,1,麦庐园校区, 多媒体,3-34,,,55,0
工商管理学院,00091,创业概论,B10,查伟晨,1,麦庐园校区, 多媒体,4-12,,,55,0
工商管理学院,00091,创业概论,B11,查伟晨,1,麦庐园校区, 多媒体,4-12,,,55,0
工商管理学院,00091,创业概论,B12,查伟晨,1,麦庐园校区, 多媒体,4-34,,,55,0
工商管理学院,00091,创业概论,B13,查伟晨,1,麦庐园校区, 多媒体,4-34,,,55,0
工商管理学院,00112,公司组织与管理,B01,宋丽丽,2,麦庐园校区, 多媒体,2-12,,,85,0
工商管理学院,00112,公司组织与管理,B02,宋丽丽,2,麦庐园校区, 多媒体,2-34,,,85,0
工商管理学院,00132,网络营销,B01,李良贤,2,麦庐园校区, 多媒体,2-12,,,55,0
工商管理学院,00132,网络营销,B02,李良贤,2,麦庐园校区, 多媒体,2-34,,,55,0
工商管理学院,00143,市场法律法规,B01,陈凌云,3,麦庐园校区, 多媒体,2-567,,,61,0
工商管理学院,00162,标准化管理,B01,胡海波,2,麦庐园校区, 多媒体,4-12,,,55,1
工商管理学院,00162,标准化管理,B02,胡海波,2,麦庐园校区, 多媒体,4-34,,,55,1
工商管理学院,00162,标准化管理,B03,舒辉,2,麦庐园校区, 多媒体,1-56,,,60,0
工商管理学院,00183,孙子兵法与企业运营,B01,刘爱军,3,麦庐园校区, 多媒体,3-89A,,,61,0
工商管理学院,00193,企业战略管理,B01,胡大立,3,麦庐园校区, 多媒体,2-89A,,,55,1
工商管理学院,00193,企业战略管理,B02,胡大立,3,麦庐园校区, 多媒体,3-89A,,,55,1
工商管理学院,00212,管理哲学,B01,柳振群,2,麦庐园校区, 多媒体,1-12,,,55,0
工商管理学院,00212,管理哲学,B02,柳振群,2,麦庐园校区, 多媒体,1-34,,,55,0
工商管理学院,00212,管理哲学,B03,柳振群,2,麦庐园校区, 多媒体,2-12,,,55,0
工商管理学院,00212,管理哲学,B04,柳振群,2,麦庐园校区, 多媒体,2-34,,,55,0
工商管理学院,00262,薪酬管理,B01,刘爱军,2,麦庐园校区, 多媒体,3-12,,,61,1
工商管理学院,00393,公共关系学,B01,邱文华,3,麦庐园校区, 多媒体,2-89A,,,105,0
工商管理学院,00702,人力资源专业英语,B01,李胜兰,2,麦庐园校区, 多媒体,1-34,,,61,0
工商管理学院,00732,企业定价,B01,李良贤,2,麦庐园校区, 多媒体,1-12,,,61,0
工商管理学院,00782,项目管理,A01,龚代华,2,蛟桥园校区, 多媒体,2-12,,,55,0
工商管理学院,00782,项目管理,A02,龚代华,2,蛟桥园校区, 多媒体,2-34,,,55,0
工商管理学院,00782,项目管理,A03,龚代华,2,蛟桥园校区, 多媒体,3-12,,,55,0
工商管理学院,00782,项目管理,A04,龚代华,2,蛟桥园校区, 多媒体,3-34,,,55,0
工商管理学院,00892,管理决策模拟,B01,何飞云,2,麦庐园校区, 机房（技术中心）,3-12,,,50,0
工商管理学院,00892,管理决策模拟,B02,何飞云,2,麦庐园校区, 机房（技术中心）,3-34,,,50,0
工商管理学院,00892,管理决策模拟,B03,何飞云,2,麦庐园校区, 机房（技术中心）,4-12,,,50,0
工商管理学院,00892,管理决策模拟,B04,何飞云,2,麦庐园校区, 机房（技术中心）,4-34,,,50,0
工商管理学院,00893,营销策划,B01,陆淳鸿,3,麦庐园校区, 多媒体,2-567,,,61,0
工商管理学院,00902,零售业营销管理,B01,吴登开,2,麦庐园校区, 多媒体,4-12,,,35,0
工商管理学院,00902,零售业营销管理,B02,吴登开,2,麦庐园校区, 多媒体,4-34,,,35,0
工商管理学院,00952,国际人力资源管理,B01,秦秀江,2,麦庐园校区, 多媒体,4-34,,,121,0
工商管理学院,00973,组织行为学（双语）,B01,汪新艳,3,麦庐园校区, 多媒体,3-89A,,,61,0
工商管理学院,00993,物流供应链管理,B01,潘淑清,3,麦庐园校区, 多媒体,2-567,,,45,0
工商管理学院,00993,物流供应链管理,B02,王雪峰2,3,麦庐园校区, 多媒体,2-567,,,45,0
工商管理学院,06093,物流成本管理,B01,涂淑丽,3,麦庐园校区, 多媒体,2-89A,,,35,0
工商管理学院,06093,物流成本管理,B02,涂淑丽,3,麦庐园校区, 多媒体,3-89A,,,35,0
工商管理学院,06232,物流经济,B01,潘淑清,2,麦庐园校区, 多媒体,2-12,,,61,0
工商管理学院,06293,物流英语,B01,刘浩华,3,麦庐园校区, 多媒体,2-89A,,,61,0
工商管理学院,06472,物流战略管理,B01,崔爱平,2,麦庐园校区, 多媒体,3-12,,,35,1
工商管理学院,06472,物流战略管理,B02,崔爱平,2,麦庐园校区, 多媒体,3-34,,,0,1
工商管理学院,06482,配送中心规划与管理,B01,仲N,2,麦庐园校区, 多媒体,3-12,,,61,0
工商管理学院,30102,管理学通论,B01,何飞云,2,麦庐园校区, 多媒体,2-12,,,105,0
工商管理学院,30112,资本运营理论与实务,B01,柳振群,2,麦庐园校区, 多媒体,5-12,,,60,0
工商管理学院,30112,资本运营理论与实务,B02,柳振群,2,麦庐园校区, 多媒体,5-34,,,60,0
工商管理学院,30282,物流营销,B01,崔爱平,2,麦庐园校区, 多媒体,3-89,,,35,0
工商管理学院,30312,职业心理学,B01,高日光,2,麦庐园校区, 多媒体,4-12,,,35,0
工商管理学院,30312,职业心理学,B02,高日光,2,麦庐园校区, 多媒体,4-34,,,35,0
工商管理学院,30383,人力资源管理(双语),B01,李胜兰,3,麦庐园校区, 多媒体,1-89A,,,61,0
工商管理学院,303E3,物流学,B01,刘浩华,3,麦庐园校区, 多媒体,3-89A,,,58,1
工商管理学院,303E3,物流学,B02,刘浩华,3,麦庐园校区, 多媒体,4-89A,,,58,1
工商管理学院,303E3,物流学,B03,吴群,3,麦庐园校区, 多媒体,2-567,,,58,1
工商管理学院,303E3,物流学,B04,吴群,3,麦庐园校区, 多媒体,2-89A,,,58,1
工商管理学院,303E3,物流学,B05,仲N,3,麦庐园校区, 多媒体,2-89A,,,58,1
工商管理学院,303E3,物流学,B06,仲N,3,麦庐园校区, 多媒体,3-89A,,,58,1
工商管理学院,00A22,创业营销,B01,韩晓明,2,麦庐园校区, 多媒体,3-34,,,60,0
工商管理学院,00A22,创业营销,B02,谌飞龙,2,麦庐园校区, 多媒体,2-12,,,35,0
工商管理学院,00A22,创业营销,B03,谌飞龙,2,麦庐园校区, 多媒体,2-34,,,35,0
工商管理学院,00A53,货运代理,B01,刘志华,3,麦庐园校区, 多媒体,1-567,,,60,0
工商管理学院,00B42,EHR实务,B01,朱建斌,2,麦庐园校区, 机房（技术中心）,2-34,,,40,0
工商管理学院,00B82,企业劳动关系管理,B01,黄景洲,2,麦庐园校区, 多媒体,3-34,,,61,1
工商管理学院,00F32,劳动法规解读,B01,王利华,2,麦庐园校区, 多媒体,1-56,,,60,0
工商管理学院,00G02,技术经济学,B01,何小兰,2,麦庐园校区, 多媒体,3-12,,,60,0
工商管理学院,00G02,技术经济学,B02,何小兰,2,麦庐园校区, 多媒体,3-34,,,60,0
工商管理学院,00G22,客户关系管理,B01,汪华林,2,麦庐园校区, 普通,2-89,,,105,0
工商管理学院,00H22,产业经济学,B01,万卫红,2,麦庐园校区, 多媒体,1-34,,,60,0
工商管理学院,00H22,产业经济学,B02,万卫红,2,麦庐园校区, 多媒体,1-56,,,60,0
工商管理学院,00K22,网络营销基础,B01,李良贤,2,麦庐园校区, 多媒体,1-34,,,60,0
工商管理学院,00K22,网络营销基础,B02,余可发,2,麦庐园校区, 多媒体,4-34,,,50,0
工商管理学院,00K22,网络营销基础,B03,王晓春,2,麦庐园校区, 多媒体,3-12,,,31,0
工商管理学院,00K22,网络营销基础,B04,王晓春,2,麦庐园校区, 多媒体,3-34,,,31,0
工商管理学院,00M02,组织行为学,A01,陈小锋,2,蛟桥园校区, 多媒体,1-12,,,35,0
工商管理学院,00M02,组织行为学,A02,陈小锋,2,蛟桥园校区, 多媒体,1-34,,,35,0
工商管理学院,00M02,组织行为学,A03,陈小锋,2,蛟桥园校区, 多媒体,1-56,,,35,0
工商管理学院,00M02,组织行为学,A04,陈小锋,2,蛟桥园校区, 多媒体,1-89,,,35,0
工商管理学院,00M02,组织行为学,B01,叶清,2,麦庐园校区, 多媒体,2-12,,,35,0
工商管理学院,00M02,组织行为学,B02,叶清,2,麦庐园校区, 多媒体,2-34,,,35,0
工商管理学院,00M02,组织行为学,B03,杨建锋,2,麦庐园校区, 多媒体,1-34,,,105,0
工商管理学院,303H2,电子商务物流,B01,王友丽,2,麦庐园校区, 多媒体,3-34,,,35,0
工商管理学院,303J2,销售管理,B01,柯剑春,2,麦庐园校区, 多媒体,3-12,,,35,0
工商管理学院,303J2,销售管理,B02,柯剑春,2,麦庐园校区, 多媒体,3-89,,,35,0
工商管理学院,303K2,现代推销理论与技巧,B01,吴忠华,2,麦庐园校区, 多媒体,3-12,,,35,0
工商管理学院,303K2,现代推销理论与技巧,B02,吴忠华,2,麦庐园校区, 多媒体,3-34,,,35,0
国际经贸学院,11E02,外汇理论与实务,A01,何昌,2,蛟桥园校区, 多媒体,2-89,,,60,0
国际经贸学院,11003,国际贸易理论与实务,A01,何勇,3,蛟桥园校区, 多媒体,4-89A,,,60,0
国际经贸学院,11003,国际贸易理论与实务,A02,何勇,3,蛟桥园校区, 多媒体,3-89A,,,60,0
国际经贸学院,11003,国际贸易理论与实务,A03,刘春兰,3,蛟桥园校区, 多媒体,2-89A,,,60,0
国际经贸学院,11003,国际贸易理论与实务,A04,刘春兰,3,蛟桥园校区, 多媒体,3-89A,,,60,0
国际经贸学院,11033,国际贸易,A01,周义明,3,蛟桥园校区, 多媒体,4-567,,,60,1
国际经贸学院,11033,国际贸易,A02,周义明,3,蛟桥园校区, 多媒体,2-567,,,60,0
国际经贸学院,11033,国际贸易,A03,邹全胜,3,蛟桥园校区, 多媒体,3-89A,,,60,0
国际经贸学院,11142,跨国公司概论,A01,袁红林,2,蛟桥园校区, 多媒体,4-34,,,60,1
国际经贸学院,11202,环境与贸易,A01,曹e,2,蛟桥园校区, 多媒体,4-34,,,60,0
国际经贸学院,11202,环境与贸易,A02,曹e,2,蛟桥园校区, 多媒体,4-56,,,60,0
国际经贸学院,11212,进出口业务模拟操作,A01,汪颖,2,蛟桥园校区, 机房（技术中心）,3-34,,,60,0
国际经贸学院,11212,进出口业务模拟操作,A02,吴晓东,2,蛟桥园校区, 机房（技术中心）,1-12,,,60,0
国际经贸学院,11212,进出口业务模拟操作,A03,吴晓东,2,蛟桥园校区, 机房（技术中心）,1-34,,,60,0
国际经贸学院,11212,进出口业务模拟操作,A04,吴晓东,2,蛟桥园校区, 机房（技术中心）,4-12,,,60,0
国际经贸学院,11212,进出口业务模拟操作,A05,吴晓东,2,蛟桥园校区, 机房（技术中心）,4-34,,,60,0
国际经贸学院,11242,电子商务实务,A01,袁海燕,2,蛟桥园校区, 多媒体,2-12,,,60,0
国际经贸学院,11243,电子商务安全与风险管理,A01,舒剑,3,蛟桥园校区, 多媒体,1-567,,,60,1
国际经贸学院,11263,国际市场营销（双语）,A01,陈琦,3,蛟桥园校区, 多媒体,1-89A,,,60,1
国际经贸学院,11263,国际市场营销（双语）,A02,陈琦,3,蛟桥园校区, 多媒体,3-89A,,,60,1
国际经贸学院,11263,国际市场营销（双语）,A03,陈琦,3,蛟桥园校区, 多媒体,4-567,,,60,1
国际经贸学院,11263,国际市场营销（双语）,A04,杜江萍,3,蛟桥园校区, 多媒体,2-567,,,60,1
国际经贸学院,11263,国际市场营销（双语）,A05,杜江萍,3,蛟桥园校区, 多媒体,4-567,,,60,1
国际经贸学院,11384,网站设计原理,A01,李虹来,4,蛟桥园校区, 机房（技术中心）,3-1234,,,60,1
国际经贸学院,11433,java程序设计,A01,王根生,3,蛟桥园校区, 机房（国贸学院）,2-567,,,60,0
国际经贸学院,11712,国际商务函电（英）,A01,梁红,2,蛟桥园校区, 多媒体,3-12,,,60,1
国际经贸学院,11712,国际商务函电（英）,A02,梁红,2,蛟桥园校区, 多媒体,3-34,,,60,1
国际经贸学院,11712,国际商务函电（英）,A03,张小俊,2,蛟桥园校区, 多媒体,4-12,,,60,1
国际经贸学院,11712,国际商务函电（英）,A04,张小俊,2,蛟桥园校区, 多媒体,4-34,,,60,1
国际经贸学院,11712,国际商务函电（英）,A05,付茜茹,2,蛟桥园校区, 多媒体,1-12,,,60,1
国际经贸学院,11712,国际商务函电（英）,A07,付茜茹,2,蛟桥园校区, 多媒体,1-34,,,60,0
国际经贸学院,11712,国际商务函电（英）,A08,付茜茹,2,蛟桥园校区, 多媒体,1-56,,,60,0
国际经贸学院,11912,国际贸易结算,A01,王善论,2,蛟桥园校区, 多媒体,3-12,,,60,0
国际经贸学院,11912,国际贸易结算,A02,王善论,2,蛟桥园校区, 多媒体,3-34,,,60,0
国际经贸学院,11983,国际服务贸易(双语),A01,邓军,3,蛟桥园校区, 多媒体,2-89A,,,60,1
国际经贸学院,11983,国际服务贸易(双语),A02,余昌龙,3,蛟桥园校区, 多媒体,4-89A,,,60,1
国际经贸学院,41022,报关实务,A01,戴明辉,2,蛟桥园校区, 多媒体,2-12,,,100,0
国际经贸学院,41022,报关实务,A02,戴明辉,2,蛟桥园校区, 多媒体,2-34,,,100,0
国际经贸学院,41122,国际经济学研究方法,A01,蒋含明,2,蛟桥园校区, 多媒体,4-12,,,60,0
国际经贸学院,41122,国际经济学研究方法,A02,蒋含明,2,蛟桥园校区, 多媒体,4-34,,,60,0
国际经贸学院,41122,国际经济学研究方法,A03,刘建,2,蛟桥园校区, 多媒体,5-34,5-34,,60,0
国际经贸学院,41342,国际经贸形势与政策,A01,袁红林,2,蛟桥园校区, 多媒体,1-1234,,,60,0
国际经贸学院,41342,国际经贸形势与政策,A02,刘振林,2,蛟桥园校区, 多媒体,1-1234,,,60,0
国际经贸学院,41342,国际经贸形势与政策,A03,吴朝阳,2,蛟桥园校区, 多媒体,1-1234,,,60,0
国际经贸学院,41342,国际经贸形势与政策,A04,刘建,2,蛟桥园校区, 多媒体,1-1234,,,60,0
国际经贸学院,41432,中级商务英语,A01,张小俊,2,蛟桥园校区, 多媒体,1-12,,,60,1
国际经贸学院,41442,中国对外贸易概论,A01,刘振林,2,蛟桥园校区, 多媒体,3-12,,,60,0
国际经贸学院,41442,中国对外贸易概论,A02,刘振林,2,蛟桥园校区, 多媒体,3-34,,,60,0
国际经贸学院,41442,中国对外贸易概论,A03,邹全胜,2,蛟桥园校区, 多媒体,3-12,,,60,0
国际经贸学院,41442,中国对外贸易概论,A04,邹全胜,2,蛟桥园校区, 多媒体,3-34,,,60,0
国际经贸学院,41462,跨国公司概论,A01,超鸿燕,2,蛟桥园校区, 多媒体,2-34,,,60,0
国际经贸学院,41462,跨国公司概论,A02,超鸿燕,2,蛟桥园校区, 多媒体,3-34,,,60,0
国际经贸学院,41723,电子商务物流管理（双语）,A01,黎新伍,3,蛟桥园校区, 多媒体,1-89A,,,60,0
国际经贸学院,41772,奢侈品贸易概论,A01,刘春兰,2,蛟桥园校区, 多媒体,3-34,,,65,0
国际经贸学院,41772,奢侈品贸易概论,A02,刘春兰,2,蛟桥园校区, 多媒体,4-89,,,65,0
国际经贸学院,41792,商品学基础,A01,刘春兰,2,蛟桥园校区, 多媒体,4-34,,,60,0
国际经贸学院,41792,商品学基础,A02,叶晗,2,蛟桥园校区, 多媒体,2-12,,,60,0
国际经贸学院,41792,商品学基础,A03,叶晗,2,蛟桥园校区, 多媒体,2-34,,,60,0
国际经贸学院,410E3,客户关系管理,A01,罗春香,3,蛟桥园校区, 多媒体,2-567,,,60,0
国际经贸学院,00J12,国际贸易理论与实务,B01,马添翼,2,麦庐园校区, 多媒体,2-12,,,60,0
国际经贸学院,00J12,国际贸易理论与实务,B02,马添翼,2,麦庐园校区, 多媒体,2-34,,,60,0
国际经贸学院,11A92,顾客心理与行为,A01,何望,2,蛟桥园校区, 多媒体,2-12,,,60,0
国际经贸学院,11A92,顾客心理与行为,A02,何望,2,蛟桥园校区, 多媒体,2-34,,,60,0
国际经贸学院,11A92,顾客心理与行为,A03,叶晗,2,蛟桥园校区, 多媒体,4-12,,,60,0
国际经贸学院,11A92,顾客心理与行为,A04,叶晗,2,蛟桥园校区, 多媒体,4-34,,,60,0
国际经贸学院,11D42,流通经济学,A01,肖挺,2,蛟桥园校区, 多媒体,3-12,,,60,0
国际经贸学院,11D42,流通经济学,A02,肖挺,2,蛟桥园校区, 多媒体,3-34,,,60,0
国际经贸学院,11D42,流通经济学,A03,汤晓军,2,蛟桥园校区, 多媒体,1-12,,,60,0
国际经贸学院,11D42,流通经济学,A04,汤晓军,2,蛟桥园校区, 多媒体,1-34,,,60,0
国际经贸学院,11D72,商务数据分析,A01,李虹来,2,蛟桥园校区, 机房（技术中心）,4-12,,,60,0
国际经贸学院,11D72,商务数据分析,A02,李虹来,2,蛟桥园校区, 机房（技术中心）,4-34,,,60,1
国际经贸学院,11D82,商业伦理学,A01,梁红,2,蛟桥园校区, 多媒体,2-12,,,60,0
国际经贸学院,11D82,商业伦理学,A02,梁红,2,蛟桥园校区, 多媒体,2-34,,,60,0
国际经贸学院,410C3,智能商务,A01,戴爱明,3,蛟桥园校区, 机房（技术中心）,3-89A,,,60,0
国际经贸学院,410D3,电子商务案例,A01,袁海燕,3,蛟桥园校区, 多媒体,4-567,,,60,0
国际经贸学院,417B2,网络伦理学,A01,邱新平,2,蛟桥园校区, 多媒体,3-34,,,60,0
会计学院,02013,财务管理,A07,魏平秀,3,蛟桥园校区, 多媒体,1-89A,,,55,1
会计学院,02013,财务管理,A08,魏平秀,3,蛟桥园校区, 多媒体,2-89A,,,55,1
会计学院,02013,财务管理,A09,魏平秀,3,蛟桥园校区, 多媒体,3-89A,,,55,1
会计学院,02013,财务管理,A10,张阳华,3,蛟桥园校区, 多媒体,2-567,,,55,1
会计学院,02013,财务管理,B01,陈瑛瑛,3,麦庐园校区, 多媒体,1-567,,,55,0
会计学院,02013,财务管理,B02,陈瑛瑛,3,麦庐园校区, 多媒体,2-567,,,55,0
会计学院,02013,财务管理,B03,张阳华,3,麦庐园校区, 多媒体,3-567,,,55,0
会计学院,02013,财务管理,B04,王卫清,3,麦庐园校区, 多媒体,3-567,,,55,0
会计学院,02013,财务管理,B05,杨多友,3,麦庐园校区, 多媒体,2-567,,,55,0
会计学院,02013,财务管理,B06,杨多友,3,麦庐园校区, 多媒体,2-89A,,,55,0
会计学院,02013,财务管理,B07,郑伯良,3,麦庐园校区, 多媒体,3-89A,,,55,0
会计学院,02024,财务管理,A01,袁业虎,4,蛟桥园校区, 多媒体,1-89,3-89,,55,1
会计学院,02024,财务管理,A02,蔡吉甫,4,蛟桥园校区, 多媒体,4-12,5-34,,55,1
会计学院,02024,财务管理,A03,蔡吉甫,4,蛟桥园校区, 多媒体,4-34,5-12,,55,1
会计学院,02024,财务管理,A04,魏平秀,4,蛟桥园校区, 多媒体,2-12,3-12,,55,1
会计学院,02024,财务管理,A05,魏平秀,4,蛟桥园校区, 多媒体,2-34,3-34,,55,1
会计学院,02024,财务管理,A06,黄善东,4,蛟桥园校区, 多媒体,3-12,4-34,,55,1
会计学院,02024,财务管理,A07,黄善东,4,蛟桥园校区, 多媒体,3-34,4-12,,55,1
会计学院,02024,财务管理,A08,杨桂兰,4,蛟桥园校区, 多媒体,3-12,5-34,,55,1
会计学院,02024,财务管理,A09,杨桂兰,4,蛟桥园校区, 多媒体,3-34,5-12,,55,1
会计学院,02024,财务管理,A10,赵伟,4,蛟桥园校区, 多媒体,1-34,3-56,,55,1
会计学院,02024,财务管理,A11,赵伟,4,蛟桥园校区, 多媒体,1-56,3-34,,55,1
会计学院,02032,会计审计案例,A01,陈剑洪,2,蛟桥园校区, 多媒体,2-34,,,105,0
会计学院,02044,中级财务会计,B03,张伟峰,4,麦庐园校区, 多媒体,1-12,4-34,,105,1
会计学院,02044,中级财务会计,B04,张伟峰,4,麦庐园校区, 多媒体,1-34,4-12,,105,1
会计学院,02054,高级财务会计,A01,刘国英,4,蛟桥园校区, 普通,4-12,5-34,,105,0
会计学院,02112,国际财务管理（双语）,A01,黄蕾,2,蛟桥园校区, 多媒体,4-12,,,35,0
会计学院,02112,国际财务管理（双语）,A02,黄蕾,2,蛟桥园校区, 多媒体,4-34,,,35,0
会计学院,02112,国际财务管理（双语）,A03,熊家财,2,蛟桥园校区, 多媒体,2-12,,,35,0
会计学院,02113,审计学,A02,饶斌,3,蛟桥园校区, 多媒体,5-567,,,105,1
会计学院,02122,高级财务管理,A01,邹斌,2,蛟桥园校区, 多媒体,2-12,,,60,1
会计学院,02122,高级财务管理,A02,张绪军,2,蛟桥园校区, 多媒体,3-12,,,60,1
会计学院,02122,高级财务管理,A03,邹斌,2,蛟桥园校区, 多媒体,2-34,,,80,1
会计学院,02122,高级财务管理,A04,邹斌,2,蛟桥园校区, 多媒体,5-12,,,80,1
会计学院,02122,高级财务管理,A05,张绪军,2,蛟桥园校区, 多媒体,3-34,,,80,1
会计学院,02122,高级财务管理,A06,邹斌,2,蛟桥园校区, 多媒体,5-34,,,80,1
会计学院,02124,审计学,A03,张其镇,4,蛟桥园校区, 多媒体,2-12,4-34,,105,1
会计学院,02124,审计学,A04,张其镇,4,蛟桥园校区, 多媒体,2-34,4-12,,105,1
会计学院,02124,审计学,A05,唐广,4,蛟桥园校区, 多媒体,1-89,3-89,,105,1
会计学院,02124,审计学,A06,唐广,4,蛟桥园校区, 多媒体,2-89,5-89,,105,1
会计学院,02163,会计制度设计,A01,唐广,3,蛟桥园校区, 普通,4-89A,,,105,0
会计学院,02202,会计实验,A01,胡玲,2,蛟桥园校区, 机房（技术中心）,4-12,,,55,0
会计学院,02202,会计实验,A02,胡玲,2,蛟桥园校区, 机房（技术中心）,4-34,,,55,0
会计学院,02202,会计实验,A03,王华明,2,蛟桥园校区, 机房（技术中心）,1-12,,,55,0
会计学院,02202,会计实验,A04,王华明,2,蛟桥园校区, 机房（技术中心）,1-34,,,55,0
会计学院,02203,ERP财务业务一体化实验,A01,胡玉可,3,蛟桥园校区, 机房（技术中心）,1-567,,,60,0
会计学院,02203,ERP财务业务一体化实验,A02,胡玉可,3,蛟桥园校区, 机房（技术中心）,1-89A,,,60,0
会计学院,02203,ERP财务业务一体化实验,A03,刘海,3,蛟桥园校区, 机房（技术中心）,2-567,,,60,0
会计学院,02203,ERP财务业务一体化实验,A04,刘海,3,蛟桥园校区, 机房（技术中心）,2-89A,,,60,0
会计学院,02203,ERP财务业务一体化实验,A05,何宜强,3,蛟桥园校区, 机房（技术中心）,1-567,,,60,0
会计学院,02203,ERP财务业务一体化实验,A06,何宜强,3,蛟桥园校区, 机房（技术中心）,1-89A,,,60,0
会计学院,02203,ERP财务业务一体化实验,A07,桂国明,3,蛟桥园校区, 机房（技术中心）,1-567,,,60,0
会计学院,02203,ERP财务业务一体化实验,A08,桂国明,3,蛟桥园校区, 机房（技术中心）,5-567,,,60,0
会计学院,02212,财务实验,A01,黄善东,2,蛟桥园校区, 机房（技术中心）,5-1234,,,60,0
会计学院,02212,财务实验,A02,黄善东,2,蛟桥园校区, 机房（技术中心）,2-1234,,,60,0
会计学院,02222,企业集团财务,A01,邹斌,2,蛟桥园校区, 多媒体,3-12,,,65,0
会计学院,02222,企业集团财务,A02,邹斌,2,蛟桥园校区, 多媒体,3-34,,,65,0
会计学院,02242,企业价值评估,A01,张阳华,2,蛟桥园校区, 多媒体,2-12,,,30,0
会计学院,02242,企业价值评估,A02,张阳华,2,蛟桥园校区, 多媒体,2-34,,,30,0
会计学院,02242,企业价值评估,A03,张阳华,2,蛟桥园校区, 多媒体,4-12,,,30,0
会计学院,02242,企业价值评估,A04,张阳华,2,蛟桥园校区, 多媒体,4-34,,,30,0
会计学院,02242,企业价值评估,A05,张阳华,2,蛟桥园校区, 多媒体,3-12,,,30,0
会计学院,02253,成本会计,A01,熊家财,3,蛟桥园校区, 多媒体,2-567,,,30,0
会计学院,02422,政府与事业单位会计,A01,王华明,2,蛟桥园校区, 多媒体,4-12,,,105,0
会计学院,02422,政府与事业单位会计,A02,王华明,2,蛟桥园校区, 多媒体,4-34,,,105,0
会计学院,02502,国际会计（双语）,A01,刘国英,2,蛟桥园校区, 多媒体,4-34,,,50,0
会计学院,02502,国际会计（双语）,A02,刘国英,2,蛟桥园校区, 多媒体,5-12,,,50,0
会计学院,02502,国际会计（双语）,A03,江陵,2,蛟桥园校区, 多媒体,2-56,,,50,0
会计学院,02542,审计案例分析,A01,陈青,2,蛟桥园校区, 多媒体,3-12,,,55,0
会计学院,02542,审计案例分析,A02,陈青,2,蛟桥园校区, 多媒体,3-34,,,55,0
会计学院,02542,审计案例分析,A03,陈青,2,蛟桥园校区, 多媒体,3-89,,,55,0
会计学院,02603,会计学,B01,曾晓燕,3,麦庐园校区, 多媒体,2-567,,,105,0
会计学院,02642,Excel在财务中的应用,A01,桂国明,2,蛟桥园校区, 机房（技术中心）,1-34,,,60,0
会计学院,02642,Excel在财务中的应用,A02,桂国明,2,蛟桥园校区, 机房（技术中心）,5-34,,,60,0
会计学院,02642,Excel在财务中的应用,A03,柴晨阳,2,蛟桥园校区, 机房（技术中心）,4-12,,,60,0
会计学院,02642,Excel在财务中的应用,A04,柴晨阳,2,蛟桥园校区, 机房（技术中心）,4-34,,,60,0
会计学院,02673,上市公司财务分析,A01,李金泉,3,蛟桥园校区, 多媒体,1-567,,,35,0
会计学院,02673,上市公司财务分析,A02,李金泉,3,蛟桥园校区, 多媒体,2-567,,,35,0
会计学院,02673,上市公司财务分析,A03,袁园,3,蛟桥园校区, 多媒体,2-567,,,35,0
会计学院,02673,上市公司财务分析,A04,黄蕾,3,蛟桥园校区, 多媒体,1-567,,,35,0
会计学院,02673,上市公司财务分析,A05,郑伯良,3,蛟桥园校区, 多媒体,1-89A,,,35,0
会计学院,02673,上市公司财务分析,A07,张洪辉,3,蛟桥园校区, 多媒体,3-567,,,35,0
会计学院,02692,法务会计,A01,荣莉,2,蛟桥园校区, 多媒体,3-34,,,30,0
会计学院,02711,会计审计史专题,A01,管考磊,1,蛟桥园校区, 多媒体,1-89,,,105,0
会计学院,02822,假账识别与查账技巧,A01,饶斌,2,蛟桥园校区, 多媒体,5-34,,,105,0
会计学院,02833,内部审计理论与实务（双语）,A01,饶斌,3,蛟桥园校区, 多媒体,5-89A,,,105,0
会计学院,02862,会计经典文献阅读（双语）,A01,罗劲博,2,蛟桥园校区, 多媒体,2-89,,,30,0
会计学院,02862,会计经典文献阅读（双语）,A02,周冬华,2,蛟桥园校区, 多媒体,2-34,,,30,0
会计学院,02972,管理会计,A03,赵伟,2,蛟桥园校区, 多媒体,2-34,,,36,0
会计学院,02972,管理会计,A04,赵伟,2,蛟桥园校区, 多媒体,2-56,,,36,0
会计学院,02972,管理会计,A05,杨桂兰,2,蛟桥园校区, 多媒体,2-12,,,36,0
会计学院,02972,管理会计,A06,杨桂兰,2,蛟桥园校区, 多媒体,2-34,,,36,0
会计学院,02972,管理会计,A07,杨桂兰,2,蛟桥园校区, 多媒体,4-12,,,36,0
会计学院,02972,管理会计,A08,杨桂兰,2,蛟桥园校区, 多媒体,4-34,,,36,0
会计学院,02972,管理会计,A09,张绪军,2,蛟桥园校区, 多媒体,2-12,,,35,0
会计学院,02972,管理会计,A10,张绪军,2,蛟桥园校区, 多媒体,2-34,,,35,0
会计学院,02972,管理会计,A11,邱敬波,2,蛟桥园校区, 多媒体,3-12,,,35,1
会计学院,02972,管理会计,A12,邱敬波,2,蛟桥园校区, 多媒体,3-34,,,35,1
会计学院,02972,管理会计,A13,郭小金,2,蛟桥园校区, 多媒体,4-12,,,35,1
会计学院,02972,管理会计,A14,袁园,2,蛟桥园校区, 多媒体,4-12,,,35,1
会计学院,02972,管理会计,A15,袁园,2,蛟桥园校区, 多媒体,4-34,,,35,1
会计学院,02972,管理会计,A16,李金泉,2,蛟桥园校区, 多媒体,4-12,,,35,1
会计学院,02972,管理会计,A17,李金泉,2,蛟桥园校区, 多媒体,4-34,,,35,1
会计学院,02972,管理会计,A18,郭小金,2,蛟桥园校区, 多媒体,4-34,,,35,1
会计学院,02992,中级财务会计Ⅱ,A01,严真红,2,蛟桥园校区, 多媒体,4-12,,,80,1
会计学院,02992,中级财务会计Ⅱ,A02,严真红,2,蛟桥园校区, 多媒体,4-34,,,80,1
会计学院,02992,中级财务会计Ⅱ,A03,陈明坤,2,蛟桥园校区, 多媒体,4-12,,,80,1
会计学院,02992,中级财务会计Ⅱ,A04,彭晓洁,2,蛟桥园校区, 多媒体,2-34,,,80,1
会计学院,02992,中级财务会计Ⅱ,A05,彭晓洁,2,蛟桥园校区, 多媒体,4-12,,,80,1
会计学院,02992,中级财务会计Ⅱ,A06,彭晓洁,2,蛟桥园校区, 多媒体,4-34,,,80,1
会计学院,02992,中级财务会计Ⅱ,A07,刘淑华,2,蛟桥园校区, 多媒体,3-12,,,80,1
会计学院,02992,中级财务会计Ⅱ,A08,刘淑华,2,蛟桥园校区, 多媒体,3-34,,,80,1
会计学院,32062,会计信息系统,A21,江泓,2,蛟桥园校区, 机房（技术中心）,1-12,,,82,1
会计学院,32062,会计信息系统,A22,汪元华,2,蛟桥园校区, 机房（技术中心）,4-12,,,82,1
会计学院,32062,会计信息系统,A23,汪元华,2,蛟桥园校区, 机房（技术中心）,4-34,,,82,1
会计学院,32062,会计信息系统,A24,汪元华,2,蛟桥园校区, 机房（技术中心）,3-12,,,82,1
会计学院,32062,会计信息系统,A25,汪元华,2,蛟桥园校区, 机房（技术中心）,3-34,,,82,1
会计学院,32062,会计信息系统,A26,龚玉芬,2,蛟桥园校区, 机房（技术中心）,4-12,,,82,1
会计学院,32062,会计信息系统,A27,龚玉芬,2,蛟桥园校区, 机房（技术中心）,4-34,,,82,1
会计学院,32063,ERP-财务管理,A01,郑伯良,3,蛟桥园校区, 机房（技术中心）,1-567,,,60,0
会计学院,32082,财务报表分析,A01,邱敬波,2,蛟桥园校区, 多媒体,4-12,,,105,0
会计学院,32082,财务报表分析,A02,邱敬波,2,蛟桥园校区, 多媒体,4-34,,,105,0
会计学院,0201B,会计技能竞赛（信息化环境）集训,A01,吴志斌,0.5,蛟桥园校区, 机房（技术中心）,4-56,,,30,0
会计学院,0202B,全国财务决策分析竞赛集训,A01,汪元华,0.5,蛟桥园校区, 机房（技术中心）,4-8,,,30,0
会计学院,0202B,全国财务决策分析竞赛集训,A02,汪元华,0.5,蛟桥园校区, 机房（技术中心）,4-9,,,30,0
会计学院,028B2,内部控制理论与实务,A01,廖义刚,2,蛟桥园校区, 多媒体,4-34,,,60,0
计算机实践教学中心、经济管理与创业模拟实验教学中心,00991,大学生KAB创业基础,A01,方勤,1,蛟桥园校区, 普通,1-56,,,40,0
计算机实践教学中心、经济管理与创业模拟实验教学中心,00991,大学生KAB创业基础,A02,王金海,1,蛟桥园校区, 普通,1-56,,,40,0
计算机实践教学中心、经济管理与创业模拟实验教学中心,00991,大学生KAB创业基础,A03,方勤,1,蛟桥园校区, 普通,2-56,,,40,0
计算机实践教学中心、经济管理与创业模拟实验教学中心,00991,大学生KAB创业基础,A04,王金海,1,蛟桥园校区, 普通,2-56,,,40,0
计算机实践教学中心、经济管理与创业模拟实验教学中心,00991,大学生KAB创业基础,A05,朱海琴,1,蛟桥园校区, 普通,3-56,,,40,0
计算机实践教学中心、经济管理与创业模拟实验教学中心,00991,大学生KAB创业基础,A06,习金文,1,蛟桥园校区, 普通,3-56,,,40,0
计算机实践教学中心、经济管理与创业模拟实验教学中心,00991,大学生KAB创业基础,A07,朱海琴,1,蛟桥园校区, 普通,4-56,,,40,0
计算机实践教学中心、经济管理与创业模拟实验教学中心,00991,大学生KAB创业基础,A08,刘卫,1,蛟桥园校区, 普通,4-56,,,40,0
计算机实践教学中心、经济管理与创业模拟实验教学中心,00991,大学生KAB创业基础,A09,习金文,1,蛟桥园校区, 普通,5-56,,,40,0
计算机实践教学中心、经济管理与创业模拟实验教学中心,00991,大学生KAB创业基础,A10,王迪宏,1,蛟桥园校区, 普通,5-56,,,40,0
金融学院,01013,货币银行学,A01,杨荣,3,蛟桥园校区, 多媒体,1-567,,,106,1
金融学院,01013,货币银行学,A02,杨荣,3,蛟桥园校区, 多媒体,1-89A,,,106,1
金融学院,01013,货币银行学,A03,舒海棠,3,蛟桥园校区, 多媒体,1-567,,,106,1
金融学院,01013,货币银行学,A04,舒海棠,3,蛟桥园校区, 多媒体,2-234,,,106,1
金融学院,01013,货币银行学,A05,吴伟军,3,蛟桥园校区, 多媒体,2-567,,,106,1
金融学院,01013,货币银行学,A06,吴伟军,3,蛟桥园校区, 多媒体,3-89A,,,106,1
金融学院,01013,货币银行学,A07,孙爱琳,3,蛟桥园校区, 多媒体,1-567,,,106,1
金融学院,01013,货币银行学,A08,孙爱琳,3,蛟桥园校区, 多媒体,2-567,,,106,1
金融学院,01013,货币银行学,A09,孙爱琳,3,蛟桥园校区, 多媒体,3-123,,,106,1
金融学院,01013,货币银行学,B01,吴艳艳,3,麦庐园校区, 多媒体,1-567,,,106,0
金融学院,01013,货币银行学,B02,吴艳艳,3,麦庐园校区, 多媒体,4-567,,,106,0
金融学院,01013,货币银行学,B03,刘黎平,3,麦庐园校区, 多媒体,3-234,,,106,0
金融学院,01013,货币银行学,B04,刘黎平,3,麦庐园校区, 多媒体,3-89A,,,106,0
金融学院,01023,国际金融,A01,杨玉凤,3,蛟桥园校区, 多媒体,2-234,,,106,0
金融学院,01023,国际金融,A02,刘兴华,3,蛟桥园校区, 多媒体,4-123,,,106,0
金融学院,01023,国际金融,A03,李佳,3,蛟桥园校区, 多媒体,5-123,,,106,0
金融学院,01023,国际金融,A08,刘兴华,3,蛟桥园校区, 多媒体,1-567,,,60,1
金融学院,01023,国际金融,A09,杨玉凤,3,蛟桥园校区, 多媒体,2-567,,,60,1
金融学院,01023,国际金融,A10,李英,3,蛟桥园校区, 多媒体,3-234,,,59,1
金融学院,01023,国际金融,A11,曾莉华,3,蛟桥园校区, 多媒体,4-567,,,59,1
金融学院,01023,国际金融,A12,吕江林,3,蛟桥园校区, 多媒体,5-123,,,59,1
金融学院,01023,国际金融,A13,彭玉镏,3,蛟桥园校区, 多媒体,1-567,,,57,1
金融学院,01023,国际金融,A14,李佳,3,蛟桥园校区, 多媒体,5-567,,,57,1
金融学院,01053,商业银行管理,B01,牛子雨,3,麦庐园校区, 多媒体,2-567,,,106,0
金融学院,01282,中央银行学,A02,曾莉华,2,蛟桥园校区, 多媒体,3-34,,,60,0
金融学院,01282,中央银行学,A03,汪洋,2,蛟桥园校区, 多媒体,4-12,,,60,0
金融学院,01282,中央银行学,A04,汪洋,2,蛟桥园校区, 多媒体,4-34,,,60,0
金融学院,01303,金融工程,A13,杜江泽,3,蛟桥园校区, 多媒体,1-123,,,63,1
金融学院,01303,金融工程,A14,杜江泽,3,蛟桥园校区, 多媒体,2-89A,,,64,1
金融学院,01303,金融工程,A15,邹永杰,3,蛟桥园校区, 多媒体,3-89A,,,65,1
金融学院,01303,金融工程,A16,邹永杰,3,蛟桥园校区, 多媒体,4-89A,,,63,1
金融学院,01303,金融工程,A17,王清生,3,蛟桥园校区, 多媒体,5-89A,,,64,1
金融学院,01303,金融工程,A18,王清生,3,蛟桥园校区, 多媒体,1-89A,,,64,1
金融学院,01303,金融工程,A19,梁娟,3,蛟桥园校区, 多媒体,2-234,,,62,1
金融学院,01333,证券投资学,B01,陈家洪,3,麦庐园校区, 多媒体,2-567,,,106,0
金融学院,01333,证券投资学,B02,陈家洪,3,麦庐园校区, 多媒体,4-567,,,106,0
金融学院,01373,保险学,A01,胡少勇,3,蛟桥园校区, 多媒体,1-567,,,101,0
金融学院,01532,投资银行学,A01,李思敏,2,蛟桥园校区, 多媒体,3-12,,,60,0
金融学院,01532,投资银行学,A02,李思敏,2,蛟桥园校区, 多媒体,3-34,,,60,0
金融学院,01532,投资银行学,A03,官保纲,2,蛟桥园校区, 多媒体,5-12,,,60,0
金融学院,01532,投资银行学,A04,官保纲,2,蛟桥园校区, 多媒体,5-34,,,60,0
金融学院,01543,国际金融实务,A01,杨玉凤,3,蛟桥园校区, 多媒体,1-567,,,106,0
金融学院,01553,国际结算(双语),A01,王慧,3,蛟桥园校区, 多媒体,4-234,,,106,0
金融学院,01553,国际结算(双语),A02,王慧,3,蛟桥园校区, 多媒体,4-567,,,106,0
金融学院,01663,金融计量学,A01,梁娟,3,蛟桥园校区, 多媒体,3-234,,,63,1
金融学院,01663,金融计量学,A02,邹朋飞,3,蛟桥园校区, 多媒体,4-567,,,64,1
金融学院,01663,金融计量学,A03,邹朋飞,3,蛟桥园校区, 多媒体,5-567,,,65,1
金融学院,01663,金融计量学,A04,梁娟,3,蛟桥园校区, 多媒体,1-234,,,63,1
金融学院,01663,金融计量学,A05,杨炳铎,3,蛟桥园校区, 多媒体,2-567,,,64,1
金融学院,01663,金融计量学,A06,胡志军,3,蛟桥园校区, 多媒体,3-123,,,64,1
金融学院,01663,金融计量学,A07,王清生,3,蛟桥园校区, 多媒体,4-89A,,,62,1
金融学院,01872,国际金融管理(双语),A01,文艺,2,蛟桥园校区, 多媒体,4-12,,,106,0
金融学院,01872,国际金融管理(双语),A02,文艺,2,蛟桥园校区, 多媒体,4-34,,,106,0
金融学院,31002,证券投资基金,A01,陈家洪,2,蛟桥园校区, 多媒体,4-34,,,106,0
金融学院,31012,创业投资管理,A01,陈家洪,2,蛟桥园校区, 多媒体,4-12,,,106,0
金融学院,31062,保险英语,A01,刘凌,2,蛟桥园校区, 多媒体,3-12,,,106,0
金融学院,31083,寿险精算(双语),A01,王清生,3,蛟桥园校区, 多媒体,3-89A,,,106,0
金融学院,31143,期货投资学,A01,刘泽民,3,蛟桥园校区, 多媒体,2-567,,,106,0
金融学院,31153,证券投资技术分析,A01,王辉,3,蛟桥园校区,机房（经济实验中心）,1-567,,,60,0
金融学院,31153,证券投资技术分析,A02,王辉,3,蛟桥园校区,机房（经济实验中心）,2-567,,,60,0
金融学院,31153,证券投资技术分析,A03,钟小林,3,蛟桥园校区,机房（经济实验中心）,1-123,,,52,0
金融学院,31262,金融企业会计,A01,邹玲,2,蛟桥园校区, 多媒体,5-12,,,110,0
金融学院,31262,金融企业会计,A02,邹玲,2,蛟桥园校区, 多媒体,5-34,,,110,0
金融学院,01E22,金融实务博弈,A01,胡少勇,2,蛟桥园校区, 多媒体,5-89,,,106,0
金融学院,01A32,保险营销学,A01,段梅,2,蛟桥园校区, 多媒体,6-1234,,,50,0
金融学院,01A53,金融机构风险管理,A01,文艺,3,蛟桥园校区, 多媒体,5-234,,,63,0
金融学院,01A53,金融机构风险管理,A02,胡志军,3,蛟桥园校区, 多媒体,1-567,,,64,0
金融学院,01A53,金融机构风险管理,A03,黄飞鸣,3,蛟桥园校区, 多媒体,2-123,,,65,0
金融学院,01A53,金融机构风险管理,A04,黄飞鸣,3,蛟桥园校区, 多媒体,3-123,,,63,0
金融学院,01A53,金融机构风险管理,A05,彭玉镏,3,蛟桥园校区, 多媒体,4-89A,,,64,0
金融学院,01A53,金融机构风险管理,A06,文艺,3,蛟桥园校区, 多媒体,5-89A,,,64,0
金融学院,01A53,金融机构风险管理,A07,彭玉镏,3,蛟桥园校区, 多媒体,1-89A,,,62,0
金融学院,01A72,保险核保与理赔,A01,胡少勇,2,蛟桥园校区, 多媒体,6-1234,,,60,0
金融学院,01A82,金融监管,A01,舒海棠,2,蛟桥园校区, 多媒体,4-12,,,106,0
金融学院,01A82,金融监管,A02,舒海棠,2,蛟桥园校区, 多媒体,4-34,,,106,0
金融学院,01B22,货币银行学,A01,杨荣,2,蛟桥园校区, 多媒体,2-12,,,106,0
金融学院,01B22,货币银行学,A02,邹玲,2,蛟桥园校区, 多媒体,1-89,,,106,0
金融学院,01ZD2,互联网金融,A01,汪洋,2,蛟桥园校区, 多媒体,2-12,,,106,0
金融学院,01ZD2,互联网金融,A02,汪洋,2,蛟桥园校区, 多媒体,2-34,,,106,0
金融学院,01ZE2,EXCEL与投资学,A01,钟小林,2,蛟桥园校区,机房（经济实验中心）,4-12,,,52,0
金融学院,01ZE2,EXCEL与投资学,A02,钟小林,2,蛟桥园校区,机房（经济实验中心）,4-34,,,52,0
金融学院,0A002,商业银行管理,A01,黄飞鸣,2,蛟桥园校区, 多媒体,1-56,,,106,0
金融学院,0A002,商业银行管理,A02,黄飞鸣,2,蛟桥园校区, 多媒体,2-56,,,106,0
经济学院,05024,西方经济学,B01,杨为燕,4,麦庐园校区, 多媒体,2-12,4-34,,101,1
经济学院,05024,西方经济学,B02,杨为燕,4,麦庐园校区, 多媒体,2-34,4-12,,101,1
经济学院,05123,公共部门经济学,A01,刘伦武,3,蛟桥园校区, 多媒体,1-89A,,,101,0
经济学院,05133,国民经济管理学,A02,邵国华,3,蛟桥园校区, 多媒体,4-89A,,,101,1
经济学院,05162,政治经济学,A01,万道琴,2,蛟桥园校区, 多媒体,3-12,,,101,0
经济学院,05203,中级宏观经济学,A01,何建春,3,蛟桥园校区, 多媒体,1-567,,,101,0
经济学院,05203,中级宏观经济学,A02,何建春,3,蛟桥园校区, 多媒体,2-567,,,101,0
经济学院,05203,中级宏观经济学,A03,何建春,3,蛟桥园校区, 多媒体,3-567,,,101,0
经济学院,05213,中级微观经济学,A01,赵志峰,3,蛟桥园校区, 多媒体,3-567,,,101,0
经济学院,05213,中级微观经济学,A02,赵志峰,3,蛟桥园校区, 多媒体,4-34,,,101,0
经济学院,05213,中级微观经济学,A14,李国民,3,蛟桥园校区, 多媒体,4-89A,,,101,0
经济学院,05213,中级微观经济学,A19,李国民,3,蛟桥园校区, 多媒体,2-567,,,101,0
经济学院,05213,中级微观经济学,A31,罗昌瀚,3,蛟桥园校区, 多媒体,2-567,,,101,0
经济学院,05223,投资经济学,A01,姜瑾,3,蛟桥园校区, 多媒体,1-89A,,,101,0
经济学院,05473,中国近现代经济史,A01,杨勇.,3,蛟桥园校区, 多媒体,3-89A,,,101,0
经济学院,05473,中国近现代经济史,A02,杨勇.,3,蛟桥园校区, 多媒体,4-89A,,,101,0
经济学院,05693,当代西方经济学流派,A01,王宇锋,3,蛟桥园校区, 多媒体,3-89A,,,101,0
经济学院,05693,当代西方经济学流派,A02,王宇锋,3,蛟桥园校区, 多媒体,4-123,,,101,0
经济学院,05753,投资项目策划,A01,姜瑾,3,蛟桥园校区, 多媒体,5-89A,,,101,0
经济学院,05782,国际投资学,A01,姜瑾,2,蛟桥园校区, 多媒体,3-89,,,101,0
经济学院,35042,经济学通论,B01,万道琴,2,麦庐园校区, 多媒体,4-34,,,101,0
经济学院,35083,区域经济学,A01,杨为燕,3,蛟桥园校区, 多媒体,2-567,,,101,0
经济学院,35123,产业经济学,A01,余炳文,3,蛟桥园校区, 多媒体,2-89A,,,101,1
经济学院,35123,产业经济学,A02,裘莹,3,蛟桥园校区, 多媒体,3-89A,,,101,1
经济学院,35153,博弈论与信息经济学,A01,罗昌瀚,3,蛟桥园校区, 多媒体,1-567,,,101,0
经济学院,35223,宏观经济运行与调控,A01,王守坤,3,蛟桥园校区, 多媒体,1-567,,,101,0
经济学院,35534,计量经济学,A01,封福育,4,蛟桥园校区, 多媒体,1-34,4-12,,101,0
经济学院,35543,动态优化理论,A01,张鸿儒,3,蛟桥园校区, 多媒体,3-567,,,101,0
经济学院,35544,计量经济学(上),A01,封福育,4,蛟桥园校区, 多媒体,1-12,4-34,,101,1
经济学院,35603,高级微观经济学（双语）,A01,周谷珍,3,蛟桥园校区, 多媒体,1-89A,,,101,0
经济学院,05A63,发展经济学(双语),A01,肖璐,3,蛟桥园校区, 多媒体,2-123,,,101,0
经济学院,0A004,货币金融经济学,A01,喻国平,4,蛟桥园校区, 多媒体,4-34,5-12,,101,0
旅游与城市管理学院,00433,工程管理信息系统（计算机辅助项目管理）,B01,缪燕燕,3,麦庐园校区,无,4-89A,,,40,0
旅游与城市管理学院,05233,房地产开发经营,B01,王文群,3,麦庐园校区, 多媒体,3-89A,,,0,0
旅游与城市管理学院,05313,房地产政策与法规,B01,李洪义,3,麦庐园校区, 多媒体,4-567,,,0,1
旅游与城市管理学院,05462,物业管理,B01,邹永军,2,麦庐园校区, 多媒体,3-34,,,0,0
旅游与城市管理学院,05633,城市规划,B01,汤移平,3,麦庐园校区, 多媒体,5-89A,,,0,0
旅游与城市管理学院,05773,工程施工,B01,李明,3,麦庐园校区, 多媒体,2-89A,,,0,1
旅游与城市管理学院,05903,工程预算电算化,B01,缪燕燕,3,麦庐园校区,无,4-567,,,0,0
旅游与城市管理学院,16093,旅游市场营销学,B01,唐继刚,3,麦庐园校区, 多媒体,1-1234,5-1234,,0,1
旅游与城市管理学院,16382,世界旅游地理,A01,唐继刚,2,蛟桥园校区, 多媒体,1-89,,,0,0
旅游与城市管理学院,16382,世界旅游地理,A02,唐继刚,2,蛟桥园校区, 多媒体,2-56,,,0,0
旅游与城市管理学院,16382,世界旅游地理,B01,唐继刚,2,麦庐园校区, 多媒体,2-34,,,0,0
旅游与城市管理学院,16492,中国旅游客源国概况,A01,刘德军,2,蛟桥园校区, 多媒体,4-12,,,0,0
旅游与城市管理学院,16492,中国旅游客源国概况,B01,刘德军,2,麦庐园校区, 多媒体,3-89,,,0,0
旅游与城市管理学院,16782,中外礼仪,A01,陈小亮,2,蛟桥园校区, 多媒体,2-89,,,0,0
旅游与城市管理学院,16782,中外礼仪,A02,陈小亮,2,蛟桥园校区, 多媒体,3-89,,,0,0
旅游与城市管理学院,16782,中外礼仪,B01,陈小亮,2,麦庐园校区, 多媒体,3-34,,,0,0
旅游与城市管理学院,16882,旅游公关学,B01,陈小亮,2,麦庐园校区, 多媒体,3-12,,,0,0
旅游与城市管理学院,35004,工程估价,B01,李明,4,麦庐园校区, 多媒体,1-1234,,,0,0
旅游与城市管理学院,35004,工程估价,B03,李明,4,麦庐园校区, 多媒体,2-1234,,,0,1
旅游与城市管理学院,35023,建设项目评估,B01,许丹,3,麦庐园校区, 多媒体,5-567,,,30,0
旅游与城市管理学院,35023,建设项目评估,B02,许丹,3,麦庐园校区, 多媒体,5-89A,,,30,0
旅游与城市管理学院,36133,房地产全程策划与案例分析,B01,叶佳惠,3,麦庐园校区, 多媒体,1-567,,,0,0
旅游与城市管理学院,36143,房地产管理信息系统及应用,B01,李洪义,3,麦庐园校区,无,4-1234,,,0,0
旅游与城市管理学院,36163,房地产市场调研与计量分析,B01,王雪峰,3,麦庐园校区, 多媒体,5-1234,,,0,0
旅游与城市管理学院,36232,旅游景观设计,B01,徐克帅,2,麦庐园校区,无,2-12,,,0,0
旅游与城市管理学院,46122,城市旅游学,B01,徐克帅,2,麦庐园校区, 多媒体,4-12,,,0,0
旅游与城市管理学院,46212,酒店人力资源管理,B01,邹勇文,2,麦庐园校区, 多媒体,2-34,,,0,0
旅游与城市管理学院,05A03,房地产市场营销,B01,王雪峰,3,麦庐园校区, 多媒体,4-89A,,,0,0
旅游与城市管理学院,05B12,旅游投融资案例分析,B01,刘德军,2,麦庐园校区, 多媒体,5-34,,,0,0
旅游与城市管理学院,05B33,房地产企业战略管理,B01,刘旦,3,麦庐园校区, 多媒体,2-567,,,0,1
旅游与城市管理学院,05B43,房地产企业融资模式分析,B01,刘旦,3,麦庐园校区, 多媒体,2-89A,,,0,0
旅游与城市管理学院,05B72,风水文化与旅游,A01,李文明,2,蛟桥园校区, 多媒体,4-34,,,0,0
旅游与城市管理学院,05B72,风水文化与旅游,B01,李文明,2,麦庐园校区, 多媒体,4-12,,,0,0
旅游与城市管理学院,05B92,景观鉴赏与摄影,B01,田逢军,2,麦庐园校区, 多媒体,4-89,,,0,0
旅游与城市管理学院,05B93,住房保障制度,B01,王岳龙,3,麦庐园校区, 多媒体,3-567,,,0,0
旅游与城市管理学院,05BK2,工程质量与安全管理,B01,赖小东,2,麦庐园校区, 多媒体,2-34,,,0,0
旅游与城市管理学院,16A23,服务管理,B01,.,3,麦庐园校区, 多媒体,,,,0,1
旅游与城市管理学院,16A43,旅游资源学,B01,张瑾1,3,麦庐园校区, 普通,,,,0,1
旅游与城市管理学院,16A53,工程法律制度与实务,B01,吴光东,3,麦庐园校区, 多媒体,4-567,,,0,1
旅游与城市管理学院,16A72,中国旅游地理,A01,李向明,2,蛟桥园校区, 多媒体,1-12,,,0,0
旅游与城市管理学院,16A72,中国旅游地理,A02,李向明,2,蛟桥园校区, 多媒体,1-34,,,0,0
旅游与城市管理学院,16A82,旅游企业战略管理,B01,徐沅林,2,麦庐园校区, 多媒体,2-89,,,0,0
旅游与城市管理学院,16A93,国际旅游法规与惯例,B01,.,3,麦庐园校区, 多媒体,,,,0,0
旅游与城市管理学院,16B22,世界遗产与旅游,B01,李向明,2,麦庐园校区, 多媒体,1-56,,,0,0
旅游与城市管理学院,16B43,旅游目的地开发与管理,B01,胡海胜,3,麦庐园校区, 多媒体,2-1234,3-1234,,0,0
旅游与城市管理学院,16C03,工程合同与招投标（双语）,B01,赖小东,3,麦庐园校区, 多媒体,2-567,,,0,1
旅游与城市管理学院,16C53,工程力学,B01,许丹,3,麦庐园校区, 多媒体,1-567,,,30,1
旅游与城市管理学院,16C53,工程力学,B02,许丹,3,麦庐园校区, 多媒体,1-89A,,,30,1
旅游与城市管理学院,19A02,资源环境与可持续发展,A01,江民锦,2,蛟桥园校区, 多媒体,2-12,,,0,0
旅游与城市管理学院,19A02,资源环境与可持续发展,A02,江民锦,2,蛟桥园校区, 多媒体,2-34,,,0,0
旅游与城市管理学院,19A02,资源环境与可持续发展,A03,江民锦,2,蛟桥园校区, 多媒体,2-56,,,0,0
旅游与城市管理学院,19A02,资源环境与可持续发展,B01,江民锦,2,麦庐园校区, 多媒体,4-12,,,0,0
旅游与城市管理学院,19A02,资源环境与可持续发展,B02,江民锦,2,麦庐园校区, 多媒体,4-34,,,0,0
旅游与城市管理学院,19A02,资源环境与可持续发展,B03,江民锦,2,麦庐园校区, 多媒体,4-56,,,0,0
马克思主义学院,09033,马克思主义基本原理,A01,胡颖峰,3,蛟桥园校区, 多媒体,2-89A,,,60,0
马克思主义学院,09033,马克思主义基本原理,A02,胡颖峰,3,蛟桥园校区, 多媒体,3-567,,,60,0
马克思主义学院,09033,马克思主义基本原理,A03,陈仕伟,3,蛟桥园校区, 多媒体,2-567,,,60,0
马克思主义学院,09033,马克思主义基本原理,A04,胡南,3,蛟桥园校区, 多媒体,1-123,,,60,0
马克思主义学院,09033,马克思主义基本原理,A05,胡南,3,蛟桥园校区, 多媒体,2-123,,,60,0
马克思主义学院,09033,马克思主义基本原理,A06,黎世光,3,蛟桥园校区, 多媒体,4-89A,,,60,0
马克思主义学院,09033,马克思主义基本原理,A07,黎世光,3,蛟桥园校区, 多媒体,5-567,,,60,0
马克思主义学院,09033,马克思主义基本原理,A08,黎世光,3,蛟桥园校区, 多媒体,5-89A,,,60,0
马克思主义学院,09033,马克思主义基本原理,A09,张定鑫,3,蛟桥园校区, 多媒体,1-89A,,,60,0
马克思主义学院,09033,马克思主义基本原理,A10,舒前毅,3,蛟桥园校区, 多媒体,3-89A,,,60,0
马克思主义学院,09033,马克思主义基本原理,A11,舒前毅,3,蛟桥园校区, 多媒体,2-567,,,60,0
马克思主义学院,09033,马克思主义基本原理,A12,鲍克伟,3,蛟桥园校区, 多媒体,3-567,,,60,0
马克思主义学院,09033,马克思主义基本原理,A13,江水法,3,蛟桥园校区, 多媒体,2-567,,,60,0
马克思主义学院,09033,马克思主义基本原理,A14,江水法,3,蛟桥园校区, 多媒体,5-567,,,60,0
马克思主义学院,09033,马克思主义基本原理,B01,王金根,3,麦庐园校区, 多媒体,2-567,,,60,0
马克思主义学院,09033,马克思主义基本原理,B02,王金根,3,麦庐园校区, 多媒体,3-567,,,60,0
马克思主义学院,09033,马克思主义基本原理,B03,欧阳素华,3,麦庐园校区, 多媒体,1-567,,,60,0
马克思主义学院,09033,马克思主义基本原理,B04,欧阳素华,3,麦庐园校区, 多媒体,3-567,,,60,0
马克思主义学院,09033,马克思主义基本原理,B05,张定鑫,3,麦庐园校区, 多媒体,2-567,,,60,0
马克思主义学院,09182,当代世界经济与政治,A01,唐书麟,2,蛟桥园校区, 多媒体,1-56,,,0,0
马克思主义学院,09182,当代世界经济与政治,A02,唐书麟,2,蛟桥园校区, 多媒体,1-89,,,0,0
马克思主义学院,09182,当代世界经济与政治,A03,夏德根,2,蛟桥园校区, 多媒体,2-56,,,0,0
马克思主义学院,09522,成功心理素质训练,A01,叶林菊,2,蛟桥园校区, 多媒体,4-89,,,0,0
马克思主义学院,39001,哲学与生死,A01,黄欣荣,1,蛟桥园校区, 多媒体,3-89,,,50,0
马克思主义学院,39A02,中国哲学与文化导论,A01,吴通福,2,蛟桥园校区, 多媒体,4-89,,,0,0
人文学院,01182,社会保障理论与实务,B01,蒋国河,2,麦庐园校区, 多媒体,1-34,,,0,1
人文学院,06413,社会统计学,B01,朱彬钰,3,麦庐园校区, 多媒体,2-567,,,0,1
人文学院,08022,演讲与口才,A01,宋初健,2,蛟桥园校区, 多媒体,3-34,,,0,0
人文学院,08022,演讲与口才,A02,宋初健,2,蛟桥园校区, 多媒体,3-56,,,0,0
人文学院,08022,演讲与口才,B01,宋初健,2,麦庐园校区, 多媒体,1-34,,,0,0
人文学院,08022,演讲与口才,B02,宋初健,2,麦庐园校区, 多媒体,1-56,,,0,0
人文学院,08133,比较新闻学,B01,陈文钢,3,麦庐园校区, 多媒体,4-89A,,,0,0
人文学院,08262,西方文化史,A01,艾晓玉,2,蛟桥园校区, 多媒体,1-12,,,110,0
人文学院,08262,西方文化史,B01,林新,2,麦庐园校区, 多媒体,3-56,,,110,0
人文学院,08262,西方文化史,B02,林新,2,麦庐园校区, 普通,3-34,,,110,0
人文学院,08322,广告传播法规,B01,陈县英,2,麦庐园校区, 多媒体,1-34,,,0,0
人文学院,08402,新闻写作,B01,喻春龙,2,麦庐园校区, 多媒体,4-34,,,0,0
人文学院,08482,社会心理学,B01,赵新华,2,麦庐园校区, 多媒体,4-89,,,0,0
人文学院,08962,广告学概论,B01,亢学民,2,麦庐园校区, 多媒体,2-34,,,0,0
人文学院,08962,广告学概论,B02,亢学民,2,麦庐园校区, 多媒体,2-12,,,0,0
人文学院,09232,中西文化比较,B01,张细珍,2,麦庐园校区, 多媒体,5-12,,,0,0
人文学院,09362,文化社会学,B01,王华,2,麦庐园校区, 多媒体,2-34,,,0,0
人文学院,09822,文化产业概论,B01,张品良,2,麦庐园校区, 多媒体,1-12,,,0,0
人文学院,20652,广告摄影,A01,王辉洪,2,蛟桥园校区, 多媒体,4-89,,,0,0
人文学院,38052,品牌战略,B01,蔡盈洲,2,麦庐园校区, 多媒体,3-34,,,0,1
人文学院,38052,品牌战略,B02,蔡盈洲,2,麦庐园校区, 多媒体,3-12,,,0,1
人文学院,38152,新媒体新闻,B01,王辉洪,2,麦庐园校区, 多媒体,2-34,,,0,0
人文学院,38432,世界新闻传播史,B01,周立华,2,麦庐园校区, 多媒体,4-89,,,0,0
人文学院,38432,世界新闻传播史,B02,周立华,2,麦庐园校区, 多媒体,4-34,,,0,0
人文学院,38462,高级新闻采访与写作,B01,喻春龙,2,麦庐园校区, 多媒体,5-34,,,0,0
人文学院,38672,社会学通论,A01,汪忠列,2,蛟桥园校区, 多媒体,4-12,,,100,0
人文学院,38672,社会学通论,A02,洪泸敏,2,蛟桥园校区, 多媒体,3-56,,,120,0
人文学院,38672,社会学通论,A03,洪泸敏,2,蛟桥园校区, 多媒体,1-89,,,120,0
人文学院,38672,社会学通论,A04,洪泸敏,2,蛟桥园校区, 多媒体,2-89,,,120,0
人文学院,38672,社会学通论,A05,洪泸敏,2,蛟桥园校区, 多媒体,3-89,,,120,0
人文学院,38672,社会学通论,A06,兰世辉,2,蛟桥园校区, 多媒体,1-89,,,119,0
人文学院,38672,社会学通论,A07,兰世辉,2,蛟桥园校区, 多媒体,2-89,,,119,0
人文学院,38672,社会学通论,A08,蒋国河,2,蛟桥园校区, 多媒体,2-89,,,120,0
人文学院,38672,社会学通论,A09,银平均,2,蛟桥园校区, 多媒体,3-89,,,120,0
人文学院,38672,社会学通论,A10,唐斌,2,蛟桥园校区, 多媒体,2-89,,,111,0
人文学院,38672,社会学通论,A11,蔡前,2,蛟桥园校区, 多媒体,3-89,,,120,0
人文学院,38672,社会学通论,A12,吴时辉,2,蛟桥园校区, 多媒体,2-56,,,111,0
人文学院,38672,社会学通论,A13,吴时辉,2,蛟桥园校区, 多媒体,5-56,,,111,0
人文学院,38672,社会学通论,A14,徐佳,2,蛟桥园校区, 多媒体,3-56,,,111,0
人文学院,38672,社会学通论,B01,唐斌,2,麦庐园校区, 多媒体,4-89,,,111,0
人文学院,38672,社会学通论,B02,蔡前,2,麦庐园校区, 多媒体,2-89,,,120,0
人文学院,38692,逻辑学导论,B01,王中云,2,麦庐园校区, 多媒体,1-56,,,0,0
人文学院,38702,心理学导论,A01,秦安兰,2,蛟桥园校区, 多媒体,1-89,,,111,0
人文学院,38702,心理学导论,A02,秦安兰,2,蛟桥园校区, 多媒体,2-89,,,111,0
人文学院,38702,心理学导论,A03,秦安兰,2,蛟桥园校区, 多媒体,4-89,,,111,0
人文学院,39123,媒介营销,B01,王玉琦,3,麦庐园校区, 多媒体,2-567,,,0,0
人文学院,39133,电视编辑与节目制作,B01,文成,3,麦庐园校区,机房（数字电视编辑）,3-123,,,0,0
人文学院,39222,学校社会工作,B01,洪泸敏,2,麦庐园校区, 多媒体,4-34,,,0,0
人文学院,39432,SPSS统计应用,B01,朱彬钰,2,麦庐园校区,机房（数字电视编辑）,1-56,,,0,0
人文学院,39442,社会政策概论,B01,银平均,2,麦庐园校区, 多媒体,2-12,,,0,0
人文学院,39462,中国社会思想史,A01,张晟,2,蛟桥园校区, 多媒体,3-56,,,0,0
人文学院,39462,中国社会思想史,B01,张晟,2,麦庐园校区, 多媒体,4-89,,,0,0
人文学院,50162,媒介与市场沟通,A01,林新,2,蛟桥园校区, 多媒体,4-34,,,0,0
人文学院,50242,数码摄影,B01,王辉洪,2,麦庐园校区, 多媒体,1-12,,,0,0
人文学院,50262,中国现当代文学名篇鉴赏,A01,张细珍,2,蛟桥园校区, 多媒体,4-12,,,0,0
人文学院,50262,中国现当代文学名篇鉴赏,B01,张细珍,2,麦庐园校区, 多媒体,5-34,,,0,0
人文学院,08A12,DV制作,A01,王辉洪,2,蛟桥园校区, 多媒体,2-56,,,0,0
人文学院,08A12,DV制作,B01,王辉洪,2,麦庐园校区, 多媒体,5-56,,,0,0
人文学院,08A62,戏剧鉴赏,A01,张细珍,2,蛟桥园校区, 多媒体,4-34,,,0,0
人文学院,08A92,影视鉴赏,A01,周婧,2,蛟桥园校区, 多媒体,5-12,,,110,0
人文学院,08A92,影视鉴赏,A02,周婧,2,蛟桥园校区, 多媒体,5-34,,,110,0
人文学院,08A92,影视鉴赏,B01,周婧,2,麦庐园校区, 多媒体,1-34,,,110,0
人文学院,08B32,应用文写作,A01,傅家柏,2,蛟桥园校区, 多媒体,1-12,,,120,0
人文学院,08B32,应用文写作,A02,傅家柏,2,蛟桥园校区, 多媒体,1-89,,,120,0
人文学院,08B32,应用文写作,B01,傅家柏,2,麦庐园校区, 多媒体,5-56,,,120,0
人文学院,08F22,《红楼梦》鉴赏,A01,周明鹃,2,蛟桥园校区, 多媒体,2-89,,,111,0
人文学院,09B02,媒介经营与管理,B01,王玉琦,2,麦庐园校区, 多媒体,3-56,,,0,0
人文学院,09C02,性社会学,A01,银平均,2,蛟桥园校区, 多媒体,2-89,,,120,0
人文学院,09C62,亲密关系：友情与爱情,B01,李峰,2,麦庐园校区, 多媒体,3-89,,,40,0
人文学院,09C82,文化市场营销,B01,艾晓玉,2,麦庐园校区, 多媒体,1-34,,,0,0
人文学院,09C92,社会调查统计,B01,蔡前,2,麦庐园校区, 多媒体,3-34,,,0,0
人文学院,09D52,文化产业案例精讲,B01,周明鹃,2,麦庐园校区, 多媒体,2-56,,,0,0
人文学院,3A0A2,广告策划与创意,B01,赵新华,2,麦庐园校区, 多媒体,2-89,,,0,0
软件与通信工程学院,17044,模拟电子技术,B01,陈滨,4,麦庐园校区, 多媒体,1-34,2-56,,50,0
软件与通信工程学院,17044,模拟电子技术,B02,肖大雪,4,麦庐园校区, 多媒体,1-34,3-12,,50,0
软件与通信工程学院,17044,模拟电子技术,B03,陈滨,4,麦庐园校区, 多媒体,1-12,2-34,,50,0
软件与通信工程学院,17273,单片机系统设计,B01,朱华贵,3,麦庐园校区,组网机房（软件学院）,2-567,,,50,0
软件与通信工程学院,17291,模拟电路实验与设计,B01,陈滨,1,麦庐园校区,组网机房（软件学院）,3-89,,,40,0
软件与通信工程学院,17291,模拟电路实验与设计,B02,肖大雪,1,麦庐园校区,组网机房（软件学院）,5-89,,,40,0
软件与通信工程学院,17291,模拟电路实验与设计,B03,陈滨,1,麦庐园校区,组网机房（软件学院）,2-89,,,40,0
软件与通信工程学院,17373,数字图像处理,B01,黄淑英,3,麦庐园校区, 多媒体,5-234,,,50,0
软件与通信工程学院,17423,移动通信技术,B01,丁雄,3,麦庐园校区, 多媒体,2-89A,,,50,0
软件与通信工程学院,17424,信号与系统,B01,廖汉程,4,麦庐园校区, 多媒体,2-12,3-12,,40,1
软件与通信工程学院,17424,信号与系统,B02,蒋娜,4,麦庐园校区, 多媒体,1-34,2-12,,40,1
软件与通信工程学院,17424,信号与系统,B03,蒋娜,4,麦庐园校区, 多媒体,1-12,2-34,,40,0
软件与通信工程学院,17443,扩频通信,B01,廖汉程,3,麦庐园校区, 多媒体,1-567,,,50,0
软件与通信工程学院,17874,电磁场与电磁波,B01,蔡鹏,4,麦庐园校区, 多媒体,3-34,4-12,,40,1
软件与通信工程学院,17874,电磁场与电磁波,B02,蔡鹏,4,麦庐园校区, 多媒体,3-89,4-34,,40,1
软件与通信工程学院,17874,电磁场与电磁波,B03,蔡鹏,4,麦庐园校区, 多媒体,3-12,4-89,,40,0
软件与通信工程学院,18261,VC++程序设计(双语),B01,李刚,1,麦庐园校区,组网机房（软件学院）,3-56,,,40,0
软件与通信工程学院,18261,VC++程序设计(双语),B02,李刚,1,麦庐园校区,组网机房（软件学院）,5-56,,,40,0
软件与通信工程学院,18261,VC++程序设计(双语),B03,李刚,1,麦庐园校区,组网机房（软件学院）,5-34,,,0,0
软件与通信工程学院,18321,计算机网络,B01,涂丽琴,1,麦庐园校区, 多媒体,5-56,,,40,0
软件与通信工程学院,18321,计算机网络,B02,涂丽琴,1,麦庐园校区, 多媒体,5-12,,,40,0
软件与通信工程学院,18351,课外科研创新实践活动（综合竞赛实践项目）,B01,谢亮,1,麦庐园校区, 多媒体,3-89,,,40,0
软件与通信工程学院,18351,课外科研创新实践活动（综合竞赛实践项目）,B02,谢亮,1,麦庐园校区, 多媒体,4-89,,,40,0
软件与通信工程学院,18583,组网技术,B01,陈爱国,3,麦庐园校区,组网机房（软件学院）,5-1234,,,50,0
软件与通信工程学院,18583,组网技术,B02,李普聪,3,麦庐园校区,组网机房（软件学院）,2-1234,,,50,0
软件与通信工程学院,18583,组网技术,B03,李普聪,3,麦庐园校区,组网机房（软件学院）,3-1234,,,50,0
软件与通信工程学院,18652,计算机维护,A02,陈爱国,2,蛟桥园校区, 机房（技术中心）,4-89A,,,25,0
软件与通信工程学院,18652,计算机维护,B01,陈爱国,2,麦庐园校区, 机房（技术中心）,1-89A,,,25,0
软件与通信工程学院,18652,计算机维护,B03,陈爱国,2,麦庐园校区, 机房（技术中心）,5-567,,,25,0
软件与通信工程学院,18653,ASPNET程序设计,B01,王颖,3,麦庐园校区,组网机房（软件学院）,1-567,4-34,,50,0
软件与通信工程学院,18653,ASPNET程序设计,B02,王颖,3,麦庐园校区,组网机房（软件学院）,2-567,4-12,,50,0
软件与通信工程学院,18653,ASPNET程序设计,B03,万本庭,3,麦庐园校区,组网机房（软件学院）,3-89,4-89A,,50,0
软件与通信工程学院,18702,ERP软件应用,B01,陈爱国,2,麦庐园校区,组网机房（软件学院）,1-567,,,51,0
软件与通信工程学院,18702,ERP软件应用,B02,陈爱国,2,麦庐园校区,组网机房（软件学院）,3-567,,,51,0
软件与通信工程学院,18702,ERP软件应用,B03,陈爱国,2,麦庐园校区,组网机房（软件学院）,3-89A,,,51,0
软件与通信工程学院,18993,检测与估值,B01,刘燕青,3,麦庐园校区, 多媒体,4-234,,,50,0
软件与通信工程学院,48073,数字通信,B01,戴利云,3,麦庐园校区, 多媒体,1-234,,,50,0
软件与通信工程学院,48082,HTML5程序设计,B01,汪彩霞,2,麦庐园校区,组网机房（软件学院）,5-56,,,50,0
软件与通信工程学院,48082,HTML5程序设计,B02,汪彩霞,2,麦庐园校区,组网机房（软件学院）,4-34,,,50,0
软件与通信工程学院,48082,HTML5程序设计,B03,汪彩霞,2,麦庐园校区,组网机房（软件学院）,5-34,,,50,0
软件与通信工程学院,48093,通信网基础,B01,廖汉程,3,麦庐园校区, 多媒体,3-567,,,50,0
软件与通信工程学院,48122,Python程序设计,B01,陈辉,2,麦庐园校区,组网机房（软件学院）,2-89,,,50,0
软件与通信工程学院,48122,Python程序设计,B02,陈辉,2,麦庐园校区,组网机房（软件学院）,3-12,,,50,0
软件与通信工程学院,48122,Python程序设计,B03,陈辉,2,麦庐园校区,组网机房（软件学院）,3-34,,,50,0
软件与通信工程学院,48122,Python程序设计,B04,陈辉,2,麦庐园校区,组网机房（软件学院）,2-56,,,50,0
软件与通信工程学院,48122,Python程序设计,B05,毛澄映,2,麦庐园校区,组网机房（软件学院）,4-89,,,50,0
软件与通信工程学院,48123,RFID技术与应用,B01,党建武,3,麦庐园校区, 多媒体,2-123,,,50,0
软件与通信工程学院,48172,人机交互界面设计,B01,汪彩霞,2,麦庐园校区,组网机房（软件学院）,2-56,,,50,0
软件与通信工程学院,48172,人机交互界面设计,B02,汪彩霞,2,麦庐园校区,组网机房（软件学院）,2-34,,,50,0
软件与通信工程学院,48183,J2EE程序设计,B01,汪靖,3,麦庐园校区,组网机房（软件学院）,3-234,,,65,0
软件与通信工程学院,48183,J2EE程序设计,B02,汪靖,3,麦庐园校区,组网机房（软件学院）,3-567,,,65,0
软件与通信工程学院,48183,J2EE程序设计,B03,汪靖,3,麦庐园校区,组网机房（软件学院）,4-89A,,,50,0
软件与通信工程学院,48183,J2EE程序设计,B04,付晟森,3,麦庐园校区,组网机房（软件学院）,2-89A,,,50,0
软件与通信工程学院,48183,J2EE程序设计,B05,张鹏,3,麦庐园校区,组网机房（软件学院）,1-89A,,,50,0
软件与通信工程学院,48183,J2EE程序设计,B06,张鹏,3,麦庐园校区,组网机房（软件学院）,5-567,,,50,0
软件与通信工程学院,48192,软件测试与质量保证,B01,毛澄映,2,麦庐园校区,组网机房（软件学院）,2-1234,,,64,1
软件与通信工程学院,48192,软件测试与质量保证,B02,毛澄映,2,麦庐园校区,组网机房（软件学院）,2-1234,,,64,1
软件与通信工程学院,48192,软件测试与质量保证,B03,邓松,2,麦庐园校区,组网机房（软件学院）,5-1234,,,64,1
软件与通信工程学院,48192,软件测试与质量保证,B04,邓松,2,麦庐园校区,组网机房（软件学院）,1-1234,,,64,1
软件与通信工程学院,48192,软件测试与质量保证,B05,邓松,2,麦庐园校区,组网机房（软件学院）,5-1234,,,64,1
软件与通信工程学院,48192,软件测试与质量保证,B06,邓松,2,麦庐园校区,组网机房（软件学院）,1-1234,,,64,1
软件与通信工程学院,17A02,财经物联网系统,B01,丁雄,2,麦庐园校区, 多媒体,4-89A,,,40,0
软件与通信工程学院,17A03,C语言程序设计（电子）,B01,李刚,3,麦庐园校区,组网机房（软件学院）,3-12,3-56,,50,0
软件与通信工程学院,17A03,C语言程序设计（电子）,B02,涂丽琴,3,麦庐园校区,组网机房（软件学院）,3-89,5-34,,50,0
软件与通信工程学院,17A03,C语言程序设计（电子）,B03,涂丽琴,3,麦庐园校区,组网机房（软件学院）,3-56,4-89,,50,0
软件与通信工程学院,17A1K,物流信息技术与管理,B01,蒋娜,3.5,麦庐园校区, 多媒体,4-12,4-34,,40,0
软件与通信工程学院,17A73,感测技术基础,B01,彭向东,3,麦庐园校区, 多媒体,1-34,3-12,,50,1
软件与通信工程学院,17A82,专业英语,B01,黄新阳,2,麦庐园校区, 多媒体,2-34,,,40,0
软件与通信工程学院,17A82,专业英语,B02,黄新阳,2,麦庐园校区, 多媒体,2-12,,,40,0
软件与通信工程学院,17AC3,微机原理与接口技术,B01,朱华贵,3,麦庐园校区, 多媒体,1-34,2-89,,40,1
软件与通信工程学院,17AC3,微机原理与接口技术,B02,朱华贵,3,麦庐园校区, 多媒体,1-12,3-12,,40,1
软件与通信工程学院,17AC3,微机原理与接口技术,B03,朱华贵,3,麦庐园校区, 多媒体,1-89,2-12,,40,0
软件与通信工程学院,17AD3,无线单片机及其应用,B01,朱华贵,3,麦庐园校区,组网机房（软件学院）,3-567,,,40,0
软件与通信工程学院,17AF3,物联网控制原理与技术,B01,肖大雪,3,麦庐园校区, 多媒体,5-567,,,40,1
软件与通信工程学院,17AG3,物联网数据处理,B01,陈辉,3,麦庐园校区, 多媒体,3-34,5-34,,30,0
软件与通信工程学院,17AL3,自动控制原理,B01,肖大雪,3,麦庐园校区, 多媒体,1-12,3-34,,50,0
软件与通信工程学院,18A03,Android程序开发,B01,钟元生,3,麦庐园校区,组网机房（软件学院）,5-1234,,,50,0
软件与通信工程学院,18A03,Android程序开发,B02,张志兵,3,麦庐园校区,组网机房（软件学院）,2-89,3-34,,50,0
软件与通信工程学院,18A03,Android程序开发,B03,张志兵,3,麦庐园校区,组网机房（软件学院）,3-12,3-89,,50,0
软件与通信工程学院,18A03,Android程序开发,B04,曹重华,3,麦庐园校区,组网机房（软件学院）,1-1234,,,50,0
软件与通信工程学院,18A1K,软件开发工具,B01,王炜,3.5,麦庐园校区,组网机房（软件学院）,4-89A,,,55,0
软件与通信工程学院,18A1K,软件开发工具,B02,张守胜,3.5,麦庐园校区,组网机房（软件学院）,2-89A,,,55,0
软件与通信工程学院,18A1K,软件开发工具,B03,王炜,3.5,麦庐园校区,组网机房（软件学院）,4-567,,,55,0
软件与通信工程学院,18A1K,软件开发工具,B04,张华伟,3.5,麦庐园校区,组网机房（软件学院）,3-567,,,55,0
软件与通信工程学院,18A1K,软件开发工具,B05,张守胜,3.5,麦庐园校区,组网机房（软件学院）,2-567,,,50,0
软件与通信工程学院,18A34,大型软件系统分析与设计,B01,查大元,4,麦庐园校区,组网机房（软件学院）,3-1234,,,70,0
软件与通信工程学院,18A63,软件需求分析,B01,廖汗成,3,麦庐园校区, 多媒体,2-567,,,55,0
软件与通信工程学院,18A63,软件需求分析,B02,廖汗成,3,麦庐园校区, 多媒体,1-567,,,55,0
软件与通信工程学院,18A63,软件需求分析,B03,张驰,3,麦庐园校区, 多媒体,2-234,,,55,0
软件与通信工程学院,18A63,软件需求分析,B04,张驰,3,麦庐园校区, 多媒体,1-234,,,55,0
软件与通信工程学院,18A63,软件需求分析,B05,张驰,3,麦庐园校区, 多媒体,2-89A,,,55,0
软件与通信工程学院,18A83,算法分析与设计,B01,尹爱华,3,麦庐园校区, 多媒体,2-89A,,,50,0
软件与通信工程学院,18B03,概率论与随机过程,B01,尧文元,3,麦庐园校区, 多媒体,3-89A,,,40,1
软件与通信工程学院,18B03,概率论与随机过程,B02,尧文元,3,麦庐园校区, 多媒体,1-89A,,,40,1
软件与通信工程学院,18B03,概率论与随机过程,B03,白耀辉,3,麦庐园校区, 多媒体,2-567,,,40,0
软件与通信工程学院,4803B,大数据技术导论,B01,边海容,1.5,麦庐园校区, 多媒体,5-34,,,65,0
软件与通信工程学院,4803B,大数据技术导论,B02,边海容,1.5,麦庐园校区, 多媒体,5-12,,,65,0
软件与通信工程学院,4803B,大数据技术导论,B03,边海容,1.5,麦庐园校区, 多媒体,4-12,,,65,0
软件与通信工程学院,4803B,大数据技术导论,B04,边海容,1.5,麦庐园校区, 多媒体,4-34,,,65,0
软件与通信工程学院,4803B,大数据技术导论,B05,边海容,1.5,麦庐园校区, 多媒体,2-12,,,65,0
软件与通信工程学院,4803B,大数据技术导论,B06,边海容,1.5,麦庐园校区, 多媒体,2-34,,,65,0
软件与通信工程学院,4804B,计算机网络（软件）,B01,邢芳,1.5,麦庐园校区, 多媒体,1-234,,,65,0
软件与通信工程学院,4804B,计算机网络（软件）,B02,邢芳,1.5,麦庐园校区, 多媒体,1-234,,,65,0
软件与通信工程学院,4804B,计算机网络（软件）,B03,邢芳,1.5,麦庐园校区, 多媒体,2-567,,,65,0
软件与通信工程学院,4804B,计算机网络（软件）,B04,邢芳,1.5,麦庐园校区, 多媒体,2-567,,,65,0
软件与通信工程学院,4804B,计算机网络（软件）,B05,邢芳,1.5,麦庐园校区, 多媒体,1-567,,,65,0
软件与通信工程学院,4804B,计算机网络（软件）,B06,邢芳,1.5,麦庐园校区, 多媒体,1-567,,,65,0
软件与通信工程学院,4810B,软件体系结构,B01,段喜龙,1.5,麦庐园校区, 多媒体,1-567,,,65,0
软件与通信工程学院,4810B,软件体系结构,B02,段喜龙,1.5,麦庐园校区, 多媒体,5-89A,,,65,0
软件与通信工程学院,4811B,软件项目管理,B01,黄轩,1.5,麦庐园校区, 多媒体,3-567,,,65,1
软件与通信工程学院,4811B,软件项目管理,B02,段喜龙,1.5,麦庐园校区, 多媒体,4-89A,,,65,1
软件与通信工程学院,4811B,软件项目管理,B03,廖汗成,1.5,麦庐园校区, 多媒体,1-123,,,65,1
软件与通信工程学院,4811B,软件项目管理,B04,段喜龙,1.5,麦庐园校区, 多媒体,4-89A,,,65,1
软件与通信工程学院,4811B,软件项目管理,B05,廖汗成,1.5,麦庐园校区, 多媒体,1-123,,,65,1
软件与通信工程学院,4811B,软件项目管理,B06,黄轩,1.5,麦庐园校区, 多媒体,3-567,,,65,1
软件与通信工程学院,4816B,移动商务导论,B01,涂保东,1.5,麦庐园校区, 多媒体,3-89A,,,50,0
软件与通信工程学院,4816B,移动商务导论,B02,涂保东,1.5,麦庐园校区, 多媒体,3-89A,,,50,0
软件与通信工程学院,4816B,移动商务导论,B04,李普聪,1.5,麦庐园校区, 多媒体,2-89A,,,50,0
体育学院、国防教育部,10002,体育社会学,B01,冯婧,2,麦庐园校区, 多媒体,4-34,,,60,0
体育学院、国防教育部,10012,体育管理学,B01,朱亚坤,2,麦庐园校区, 多媒体,4-12,,,60,0
体育学院、国防教育部,10314,体育精选IV,B01,吴光军,4,麦庐园校区,普通教室,1-12,5-34,,60,0
体育学院、国防教育部,10314,体育精选IV,B02,吴光军,4,麦庐园校区,普通教室,1-34,5-12,,60,0
体育学院、国防教育部,10314,体育精选IV,B03,齐健麟,4,麦庐园校区,普通教室,1-56,4-56,,60,0
体育学院、国防教育部,10314,体育精选IV,B04,齐健麟,4,麦庐园校区,普通教室,1-78,3-56,,60,0
体育学院、国防教育部,10452,体育管理学（双语）,B01,冯婧,2,麦庐园校区, 多媒体,5-56,,,60,0
体育学院、国防教育部,10471,体育4,A01,顾鸿刚,1,蛟桥园校区,男子篮球,1-12,,,34,0
体育学院、国防教育部,10471,体育4,A02,唐进安,1,蛟桥园校区,女子篮球,1-12,,,34,0
体育学院、国防教育部,10471,体育4,A03,王建平,1,蛟桥园校区,排球,1-12,,,34,0
体育学院、国防教育部,10471,体育4,A04,熊三平,1,蛟桥园校区,足球,1-12,,,34,0
体育学院、国防教育部,10471,体育4,A05,赵建强,1,蛟桥园校区,乒乓球,1-12,,,34,0
体育学院、国防教育部,10471,体育4,A06,谢清,1,蛟桥园校区,羽毛球,1-12,,,34,0
体育学院、国防教育部,10471,体育4,A07,黄丽萍,1,蛟桥园校区,网球,1-12,,,34,0
体育学院、国防教育部,10471,体育4,A08,熊建萍,1,蛟桥园校区,健美操,1-12,,,34,0
体育学院、国防教育部,10471,体育4,A09,钟冬根,1,蛟桥园校区,散打 ,1-12,,,34,0
体育学院、国防教育部,10471,体育4,A10,刘世健,1,蛟桥园校区,跆拳道,1-12,,,34,0
体育学院、国防教育部,10471,体育4,A11,刘春来,1,蛟桥园校区,武术,1-12,,,34,0
体育学院、国防教育部,10471,体育4,A12,徐贞,1,蛟桥园校区,击剑,1-12,,,34,0
体育学院、国防教育部,10471,体育4,A13,严伟,1,蛟桥园校区,轮滑,1-12,,,34,0
体育学院、国防教育部,10471,体育4,A14,顾鸿刚,1,蛟桥园校区,男子篮球,1-34,,,34,0
体育学院、国防教育部,10471,体育4,A15,唐进安,1,蛟桥园校区,女子篮球,1-34,,,34,0
体育学院、国防教育部,10471,体育4,A16,王建平,1,蛟桥园校区,排球,1-34,,,34,0
体育学院、国防教育部,10471,体育4,A17,熊三平,1,蛟桥园校区,足球,1-34,,,34,0
体育学院、国防教育部,10471,体育4,A18,赵建强,1,蛟桥园校区,乒乓球,1-34,,,34,0
体育学院、国防教育部,10471,体育4,A19,谢清,1,蛟桥园校区,羽毛球,1-34,,,34,0
体育学院、国防教育部,10471,体育4,A20,黄丽萍,1,蛟桥园校区,网球,1-34,,,34,0
体育学院、国防教育部,10471,体育4,A21,熊建萍,1,蛟桥园校区,健美操,1-34,,,34,0
体育学院、国防教育部,10471,体育4,A22,钟冬根,1,蛟桥园校区,散打 ,1-34,,,34,0
体育学院、国防教育部,10471,体育4,A23,刘世健,1,蛟桥园校区,跆拳道,1-34,,,34,0
体育学院、国防教育部,10471,体育4,A24,刘春来,1,蛟桥园校区,武术,1-34,,,34,0
体育学院、国防教育部,10471,体育4,A25,徐贞,1,蛟桥园校区,击剑,1-34,,,34,0
体育学院、国防教育部,10471,体育4,A26,严伟,1,蛟桥园校区,轮滑,1-34,,,34,0
体育学院、国防教育部,10471,体育4,A27,顾鸿刚,1,蛟桥园校区,男子篮球,3-12,,,34,0
体育学院、国防教育部,10471,体育4,A28,张晓英,1,蛟桥园校区,女子篮球,3-12,,,34,0
体育学院、国防教育部,10471,体育4,A29,王建平,1,蛟桥园校区,排球,3-12,,,34,0
体育学院、国防教育部,10471,体育4,A30,吕卫华,1,蛟桥园校区,足球,3-12,,,34,0
体育学院、国防教育部,10471,体育4,A31,彭永善,1,蛟桥园校区,乒乓球,3-12,,,34,0
体育学院、国防教育部,10471,体育4,A32,谢清,1,蛟桥园校区,羽毛球,3-12,,,34,0
体育学院、国防教育部,10471,体育4,A33,王俊,1,蛟桥园校区,网球,3-12,,,34,0
体育学院、国防教育部,10471,体育4,A34,熊建萍,1,蛟桥园校区,健美操,3-12,,,34,0
体育学院、国防教育部,10471,体育4,A35,钟冬根,1,蛟桥园校区,散打 ,3-12,,,34,0
体育学院、国防教育部,10471,体育4,A36,刘世健,1,蛟桥园校区,跆拳道,3-12,,,34,0
体育学院、国防教育部,10471,体育4,A37,刘春来,1,蛟桥园校区,武术,3-12,,,34,0
体育学院、国防教育部,10471,体育4,A38,徐贞,1,蛟桥园校区,击剑,3-12,,,34,0
体育学院、国防教育部,10471,体育4,A39,严伟,1,蛟桥园校区,轮滑,3-12,,,34,0
体育学院、国防教育部,10471,体育4,A40,顾鸿刚,1,蛟桥园校区,男子篮球,3-34,,,34,0
体育学院、国防教育部,10471,体育4,A41,张晓英,1,蛟桥园校区,女子篮球,3-34,,,34,0
体育学院、国防教育部,10471,体育4,A42,王建平,1,蛟桥园校区,排球,3-34,,,34,0
体育学院、国防教育部,10471,体育4,A43,吕卫华,1,蛟桥园校区,足球,3-34,,,34,0
体育学院、国防教育部,10471,体育4,A44,彭永善,1,蛟桥园校区,乒乓球,3-34,,,34,0
体育学院、国防教育部,10471,体育4,A45,谢清,1,蛟桥园校区,羽毛球,3-34,,,34,0
体育学院、国防教育部,10471,体育4,A46,王俊,1,蛟桥园校区,网球,3-34,,,34,0
体育学院、国防教育部,10471,体育4,A47,熊建萍,1,蛟桥园校区,健美操,3-34,,,34,0
体育学院、国防教育部,10471,体育4,A48,钟冬根,1,蛟桥园校区,散打 ,3-34,,,34,0
体育学院、国防教育部,10471,体育4,A49,刘世健,1,蛟桥园校区,跆拳道,3-34,,,34,0
体育学院、国防教育部,10471,体育4,A50,刘春来,1,蛟桥园校区,武术,3-34,,,34,0
体育学院、国防教育部,10471,体育4,A51,徐贞,1,蛟桥园校区,击剑,3-34,,,34,0
体育学院、国防教育部,10471,体育4,A52,严伟,1,蛟桥园校区,轮滑,3-34,,,34,0
体育学院、国防教育部,10471,体育4,A53,顾鸿刚,1,蛟桥园校区,男子篮球,3-56,,,34,0
体育学院、国防教育部,10471,体育4,A54,张晓英,1,蛟桥园校区,女子篮球,3-56,,,34,0
体育学院、国防教育部,10471,体育4,A55,王建平,1,蛟桥园校区,排球,3-56,,,34,0
体育学院、国防教育部,10471,体育4,A56,吕卫华,1,蛟桥园校区,足球,3-56,,,34,0
体育学院、国防教育部,10471,体育4,A57,彭永善,1,蛟桥园校区,乒乓球,3-56,,,34,0
体育学院、国防教育部,10471,体育4,A58,谢清,1,蛟桥园校区,羽毛球,3-56,,,34,0
体育学院、国防教育部,10471,体育4,A59,王俊,1,蛟桥园校区,网球,3-56,,,34,0
体育学院、国防教育部,10471,体育4,A60,熊建萍,1,蛟桥园校区,健美操,3-56,,,34,0
体育学院、国防教育部,10471,体育4,A61,钟冬根,1,蛟桥园校区,散打 ,3-56,,,34,0
体育学院、国防教育部,10471,体育4,A62,刘世健,1,蛟桥园校区,跆拳道,3-56,,,34,0
体育学院、国防教育部,10471,体育4,A63,刘春来,1,蛟桥园校区,武术,3-56,,,34,0
体育学院、国防教育部,10471,体育4,A64,徐贞,1,蛟桥园校区,击剑,3-56,,,34,0
体育学院、国防教育部,10471,体育4,A65,严伟,1,蛟桥园校区,轮滑,3-56,,,34,0
体育学院、国防教育部,10471,体育4,B01,唐进安,1,麦庐园校区,男子篮球,3-34,,,31,0
体育学院、国防教育部,10471,体育4,B02,崔开玲,1,麦庐园校区,女子篮球,3-34,,,31,0
体育学院、国防教育部,10471,体育4,B03,马荣华,1,麦庐园校区,排球,3-34,,,31,0
体育学院、国防教育部,10471,体育4,B04,廖毅彬,1,麦庐园校区,足球,3-34,,,31,0
体育学院、国防教育部,10471,体育4,B05,曹清,1,麦庐园校区,乒乓球,3-34,,,31,0
体育学院、国防教育部,10471,体育4,B06,赵建强,1,麦庐园校区,乒乓球,3-34,,,31,0
体育学院、国防教育部,10471,体育4,B07,屈丽萍,1,麦庐园校区,羽毛球,3-34,,,31,0
体育学院、国防教育部,10471,体育4,B08,黄丽萍,1,麦庐园校区,网球,3-34,,,31,0
体育学院、国防教育部,10471,体育4,B09,齐健麟,1,麦庐园校区,网球,3-34,,,31,0
体育学院、国防教育部,10471,体育4,B10,陈军2,1,麦庐园校区,健美操,3-34,,,31,0
体育学院、国防教育部,10471,体育4,B11,李强,1,麦庐园校区,健美操,3-34,,,31,0
体育学院、国防教育部,10471,体育4,B12,谢辉,1,麦庐园校区,散打,3-34,,,31,0
体育学院、国防教育部,10471,体育4,B13,肖舒鹏,1,麦庐园校区,跆拳道,3-34,,,31,0
体育学院、国防教育部,10471,体育4,B14,彭澄升,1,麦庐园校区,武术,3-34,,,31,0
体育学院、国防教育部,10471,体育4,B15,娄钟,1,麦庐园校区,体育舞蹈,3-34,,,31,0
体育学院、国防教育部,10471,体育4,B16,余文斌,1,麦庐园校区,篮球,4-12,,,34,0
体育学院、国防教育部,10471,体育4,B17,张晓英,1,麦庐园校区,篮球,4-12,,,34,0
体育学院、国防教育部,10471,体育4,B18,黄琼华,1,麦庐园校区,排球,4-12,,,34,0
体育学院、国防教育部,10471,体育4,B19,徐媛媛,1,麦庐园校区,足球,4-12,,,34,0
体育学院、国防教育部,10471,体育4,B20,彭永善,1,麦庐园校区,乒乓球,4-12,,,34,0
体育学院、国防教育部,10471,体育4,B21,赵建强,1,麦庐园校区,乒乓球,4-12,,,34,0
体育学院、国防教育部,10471,体育4,B22,谭军,1,麦庐园校区,羽毛球,4-12,,,34,0
体育学院、国防教育部,10471,体育4,B23,杜立群,1,麦庐园校区,网球,4-12,,,34,0
体育学院、国防教育部,10471,体育4,B24,王俊,1,麦庐园校区,网球,4-12,,,34,0
体育学院、国防教育部,10471,体育4,B25,陈军2,1,麦庐园校区,健美操,4-12,,,34,0
体育学院、国防教育部,10471,体育4,B26,刘璇,1,麦庐园校区,健美操,4-12,,,34,0
体育学院、国防教育部,10471,体育4,B27,谢辉,1,麦庐园校区,散打,4-12,,,34,0
体育学院、国防教育部,10471,体育4,B28,肖舒鹏,1,麦庐园校区,跆拳道,4-12,,,34,0
体育学院、国防教育部,10471,体育4,B29,彭澄升,1,麦庐园校区,武术,4-12,,,34,0
体育学院、国防教育部,10471,体育4,B30,刘春来,1,麦庐园校区,瑜伽,4-12,,,34,0
体育学院、国防教育部,10471,体育4,B31,余文斌,1,麦庐园校区,篮球,4-34,,,34,0
体育学院、国防教育部,10471,体育4,B32,张晓英,1,麦庐园校区,篮球,4-34,,,34,0
体育学院、国防教育部,10471,体育4,B33,黄琼华,1,麦庐园校区,排球,4-34,,,34,0
体育学院、国防教育部,10471,体育4,B34,徐媛媛,1,麦庐园校区,足球,4-34,,,34,0
体育学院、国防教育部,10471,体育4,B35,彭永善,1,麦庐园校区,乒乓球,4-34,,,34,0
体育学院、国防教育部,10471,体育4,B36,赵建强,1,麦庐园校区,乒乓球,4-34,,,34,0
体育学院、国防教育部,10471,体育4,B37,谭军,1,麦庐园校区,羽毛球,4-34,,,34,0
体育学院、国防教育部,10471,体育4,B38,杜立群,1,麦庐园校区,网球,4-34,,,34,0
体育学院、国防教育部,10471,体育4,B39,王俊,1,麦庐园校区,网球,4-34,,,34,0
体育学院、国防教育部,10471,体育4,B40,陈军2,1,麦庐园校区,健美操,4-34,,,34,0
体育学院、国防教育部,10471,体育4,B41,刘璇,1,麦庐园校区,健美操,4-34,,,34,0
体育学院、国防教育部,10471,体育4,B42,谢辉,1,麦庐园校区,散打,4-34,,,34,0
体育学院、国防教育部,10471,体育4,B43,肖舒鹏,1,麦庐园校区,跆拳道,4-34,,,34,0
体育学院、国防教育部,10471,体育4,B44,彭澄升,1,麦庐园校区,武术,4-34,,,34,0
体育学院、国防教育部,10471,体育4,B45,刘春来,1,麦庐园校区,瑜伽,4-34,,,34,0
体育学院、国防教育部,10481,奥林匹克运动,B01,谭刚,1,麦庐园校区, 多媒体,5-34,,,60,0
体育学院、国防教育部,10491,健身教练2,B01,刘璇,1,麦庐园校区,普通教室,1-56,,,20,0
体育学院、国防教育部,10491,健身教练2,B02,刘璇,1,麦庐园校区,普通教室,1-78,,,20,0
体育学院、国防教育部,10491,健身教练2,B03,刘璇,1,麦庐园校区,普通教室,2-78,,,20,0
体育学院、国防教育部,10491,健身教练2,B04,刘璇,1,麦庐园校区,普通教室,4-78,,,20,0
体育学院、国防教育部,10551,竞技体育学,B01,谭刚,1,麦庐园校区, 多媒体,5-34,,,60,0
体育学院、国防教育部,10561,篮球2,B01,黄琼华,1,麦庐园校区,普通教室,4-78,,,20,0
体育学院、国防教育部,10561,篮球2,B02,熊三平,1,麦庐园校区,普通教室,4-78,,,20,0
体育学院、国防教育部,10561,篮球2,B03,张宁1,1,麦庐园校区,普通教室,4-78,,,20,0
体育学院、国防教育部,10561,篮球2,B04,张宁1,1,麦庐园校区,普通教室,5-78,,,20,0
体育学院、国防教育部,10571,体育媒体与公关,B01,郑志强,1,麦庐园校区, 普通,4-56,,,60,0
体育学院、国防教育部,10591,网球2,B01,齐健麟,1,麦庐园校区,普通教室,1-12,,,20,0
体育学院、国防教育部,10591,网球2,B02,齐健麟,1,麦庐园校区,普通教室,1-34,,,20,0
体育学院、国防教育部,10591,网球2,B03,齐健麟,1,麦庐园校区,普通教室,2-12,,,20,0
体育学院、国防教育部,10591,网球2,B04,齐健麟,1,麦庐园校区,普通教室,2-34,,,20,0
体育学院、国防教育部,10681,运动保健学,B01,耿啸,1,麦庐园校区, 多媒体,1-89,,,60,0
体育学院、国防教育部,10701,群众体育学,B01,彭永善,1,麦庐园校区, 多媒体,1-34,,,60,0
体育学院、国防教育部,40001,运动营养学,B01,彭永善,1,麦庐园校区, 多媒体,1-34,,,60,0
体育学院、国防教育部,40072,体育保健学,A01,严伟,2,蛟桥园校区, 多媒体,3-89,,,0,0
体育学院、国防教育部,10A12,运动解剖学,B01,严伟,2,麦庐园校区, 多媒体,2-89,,,60,0
体育学院、国防教育部,10B52,教育学,A01,彭志武,2,蛟桥园校区, 多媒体,2-89,,,0,0
体育学院、国防教育部,10B52,教育学,B01,彭志武,2,麦庐园校区, 多媒体,2-56,,,0,0
统计学院,01463,保险精算,A01,徐海云,3,蛟桥园校区, 多媒体,3-89A,,,60,0
统计学院,03054,概率论与数理统计,A01,胡平波,4,蛟桥园校区, 多媒体,1-12,4-12,,60,1
统计学院,03054,概率论与数理统计,A02,李志龙,4,蛟桥园校区, 多媒体,1-12,4-12,,60,1
统计学院,03054,概率论与数理统计,B01,杨婷,4,麦庐园校区, 多媒体,2-12,4-34,,60,0
统计学院,03054,概率论与数理统计,B02,王京晶,4,麦庐园校区, 多媒体,1-12,3-34,,60,1
统计学院,03054,概率论与数理统计,B03,王京晶,4,麦庐园校区, 多媒体,1-34,3-12,,60,1
统计学院,03054,概率论与数理统计,B04,董瑶,4,麦庐园校区, 多媒体,1-12,3-34,,60,1
统计学院,03054,概率论与数理统计,B05,董瑶,4,麦庐园校区, 多媒体,1-34,3-12,,60,1
统计学院,03054,概率论与数理统计,B06,杨婷,4,麦庐园校区, 多媒体,2-34,4-12,,60,1
统计学院,06003,统计学,A01,董成武,3,蛟桥园校区, 多媒体,3-123,,,60,1
统计学院,06003,统计学,A02,董成武,3,蛟桥园校区, 多媒体,4-567,,,60,1
统计学院,06003,统计学,A03,董成武,3,蛟桥园校区, 多媒体,4-89A,,,60,1
统计学院,06003,统计学,A04,周伟,3,蛟桥园校区, 多媒体,3-89A,,,60,1
统计学院,06003,统计学,B01,李晶2,3,麦庐园校区, 多媒体,5-567,,,60,1
统计学院,06004,统计学II,A01,魏和清,4,蛟桥园校区, 多媒体,1-34,3-89,,60,1
统计学院,06004,统计学II,A02,平卫英,4,蛟桥园校区, 多媒体,1-34,3-34,,60,1
统计学院,06013,国民经济核算,A01,刘小瑜,3,蛟桥园校区, 多媒体,1-567,,,60,1
统计学院,06022,SPSS软件应用,A01,万兆泉,2,蛟桥园校区,机房（经济实验中心）,3-34,,,60,0
统计学院,06063,预测与决策,A01,万兆泉,3,蛟桥园校区, 多媒体,2-89A,,,120,0
统计学院,06074,统计学,A01,魏和清,4,蛟桥园校区, 多媒体,2-34,4-89,,60,1
统计学院,06074,统计学,A02,郭露,4,蛟桥园校区, 多媒体,3-34,4-12,,60,1
统计学院,06074,统计学,A03,郭露,4,蛟桥园校区, 多媒体,3-12,4-34,,60,1
统计学院,06074,统计学,A06,刘小林,4,蛟桥园校区, 多媒体,1-12,4-34,,60,1
统计学院,06074,统计学,A07,刘小林,4,蛟桥园校区, 多媒体,1-34,4-12,,60,1
统计学院,06074,统计学,A08,温婷,4,蛟桥园校区, 多媒体,3-12,5-34,,60,1
统计学院,06074,统计学,A09,温婷,4,蛟桥园校区, 多媒体,3-34,5-12,,60,1
统计学院,06074,统计学,A10,王拓,4,蛟桥园校区, 多媒体,1-12,3-34,,60,1
统计学院,06074,统计学,A11,王拓,4,蛟桥园校区, 多媒体,1-34,3-12,,60,1
统计学院,06074,统计学,A12,傅岚,4,蛟桥园校区, 多媒体,1-12,4-34,,60,1
统计学院,06074,统计学,A13,傅岚,4,蛟桥园校区, 多媒体,1-34,4-12,,60,1
统计学院,06074,统计学,A14,傅岚,4,蛟桥园校区, 多媒体,1-89,4-89,,60,1
统计学院,06074,统计学,A15,李晶2,4,蛟桥园校区, 多媒体,1-56,5-34,,60,1
统计学院,06074,统计学,B01,周伟,4,麦庐园校区, 多媒体,2-12,4-34,,60,1
统计学院,06074,统计学,B02,周伟,4,麦庐园校区, 多媒体,2-34,4-12,,60,1
统计学院,06074,统计学,B03,王拓,4,麦庐园校区, 多媒体,4-12,5-34,,60,1
统计学院,06074,统计学,B04,王拓,4,麦庐园校区, 多媒体,4-34,5-12,,60,1
统计学院,06143,抽样技术,A01,邓国华2,3,蛟桥园校区, 多媒体,1-567,,,60,1
统计学院,06143,抽样技术,A02,邓国华2,3,蛟桥园校区, 多媒体,1-89A,,,60,1
统计学院,06163,时间序列分析,A01,万兆泉,3,蛟桥园校区, 多媒体,2-567,,,100,0
统计学院,06174,多元统计分析,A01,刘小惠,4,蛟桥园校区, 多媒体,2-56,3-12,,60,0
统计学院,06174,多元统计分析,A02,章贵军,4,蛟桥园校区,机房（经济实验中心）,1-1234,,,60,1
统计学院,06174,多元统计分析,A03,章贵军,4,蛟桥园校区,机房（经济实验中心）,3-1234,,,60,1
统计学院,06174,多元统计分析,A04,余纯,4,蛟桥园校区,机房（经济实验中心）,1-1234,,,60,1
统计学院,06273,网络调查与信息处理,A01,傅岚,3,蛟桥园校区,机房（经济实验中心）,3-123,,,60,0
统计学院,06352,SPSS软件应用,A01,李峰,2,蛟桥园校区,机房（经济实验中心）,3-34,,,60,0
统计学院,06362,统计学,A02,罗良清,2,蛟桥园校区, 多媒体,4-34,,,60,0
统计学院,06362,统计学,A03,李峰,2,蛟桥园校区, 多媒体,4-12,,,60,0
统计学院,06362,统计学,A04,李峰,2,蛟桥园校区, 多媒体,4-34,,,60,0
统计学院,06362,统计学,A05,李晶2,2,蛟桥园校区, 多媒体,1-12,,,60,0
统计学院,06362,统计学,A06,李晶2,2,蛟桥园校区, 多媒体,1-34,,,60,0
统计学院,06362,统计学,A07,江河,2,蛟桥园校区, 多媒体,4-12,,,60,0
统计学院,06363,金融工具与金融风险管理,A01,杨婷,3,蛟桥园校区, 多媒体,1-567,,,60,0
统计学院,06393,金融统计,A01,潘文荣,3,蛟桥园校区, 多媒体,3-89A,,,60,1
统计学院,06393,金融统计,A02,潘文荣,3,蛟桥园校区, 多媒体,2-89A,,,60,1
统计学院,06542,非参数统计,A01,潘文荣,2,蛟桥园校区,机房（经济实验中心）,4-12,4-34,,60,0
统计学院,06542,非参数统计,A02,潘文荣,2,蛟桥园校区,机房（经济实验中心）,4-34,,,60,0
统计学院,06543,经济统计计量模型,A01,廖迎,3,蛟桥园校区, 多媒体,1-567,,,60,1
统计学院,06543,经济统计计量模型,A02,廖迎,3,蛟桥园校区, 多媒体,1-89A,,,60,1
统计学院,06543,经济统计计量模型,A03,杨婷,3,蛟桥园校区, 多媒体,4-567,,,60,1
统计学院,06543,经济统计计量模型,A04,彭树宏,3,蛟桥园校区, 多媒体,1-89A,,,60,1
统计学院,06543,经济统计计量模型,A05,彭树宏,3,蛟桥园校区, 多媒体,3-89A,,,60,1
统计学院,06543,经济统计计量模型,A06,周伟,3,蛟桥园校区, 多媒体,2-89A,,,60,1
统计学院,06543,经济统计计量模型,A07,周伟,3,蛟桥园校区, 多媒体,4-89A,,,60,1
统计学院,06582,贝叶斯决策,A01,江河,2,蛟桥园校区, 多媒体,1-12,,,60,0
统计学院,06582,贝叶斯决策,A02,江河,2,蛟桥园校区, 多媒体,4-34,,,60,0
统计学院,06593,统计市场调查与分析,A01,董成武,3,蛟桥园校区, 多媒体,3-89A,,,60,0
统计学院,06593,统计市场调查与分析,A02,董成武,3,蛟桥园校区, 多媒体,2-89A,,,60,0
统计学院,06603,概率论,A01,袁捷敏,3,蛟桥园校区, 多媒体,2-567,,,60,1
统计学院,06603,概率论,A02,袁捷敏,3,蛟桥园校区, 多媒体,4-567,,,60,1
统计学院,06603,概率论,A03,陈孝新,3,蛟桥园校区, 多媒体,2-89A,,,60,1
统计学院,06623,C语言设计（统计）,A01,康鸿,3,蛟桥园校区, 多媒体,2-567,,,60,1
统计学院,36033,随机过程,A01,刘庆,3,蛟桥园校区, 多媒体,2-89A,,,60,0
统计学院,72013,财务数据统计分析,A01,章贵军,3,蛟桥园校区, 多媒体,2-89A,,,60,1
统计学院,72013,财务数据统计分析,A02,章贵军,3,蛟桥园校区, 多媒体,3-89A,,,60,1
统计学院,72014,实变函数,A01,刘庆,4,蛟桥园校区, 多媒体,1-34,3-34,,60,0
统计学院,72024,时间序列分析与随机过程,A01,董瑶,4,蛟桥园校区, 多媒体,1-56,4-12,,90,0
统计学院,72034,计量经济学（统计）,A01,周伟,4,蛟桥园校区, 多媒体,1-12,2-34,,60,1
统计学院,72034,计量经济学（统计）,A02,周伟,4,蛟桥园校区, 多媒体,2-12,1-34,,60,1
统计学院,72034,计量经济学（统计）,A03,廖迎,4,蛟桥园校区, 多媒体,2-12,4-34,,60,1
统计学院,72034,计量经济学（统计）,A04,廖迎,4,蛟桥园校区, 多媒体,4-12,2-34,,60,1
统计学院,72053,数理金融,A01,江河,3,蛟桥园校区, 多媒体,1-567,,,60,0
统计学院,72073,常微分方程与泛函分析,A01,靳伟,3,蛟桥园校区, 多媒体,4-89A,,,60,1
统计学院,720C3,实变函数,A01,张华,3,蛟桥园校区, 多媒体,1-567,,,60,0
外国语学院,34E02,经典电影英语视听说,A01,徐艳,2,蛟桥园校区, 多媒体,2-12,,,30,0
外国语学院,34E02,经典电影英语视听说,A02,徐艳,2,蛟桥园校区, 多媒体,4-34,,,30,0
外国语学院,34E02,经典电影英语视听说,A03,王芙蓉,2,蛟桥园校区, 多媒体,4-12,,,30,0
外国语学院,34E02,经典电影英语视听说,A04,王芙蓉,2,蛟桥园校区, 多媒体,4-34,,,30,0
外国语学院,34E02,经典电影英语视听说,A05,赵娟,2,蛟桥园校区, 多媒体,2-12,,,30,0
外国语学院,34E02,经典电影英语视听说,A06,赵娟,2,蛟桥园校区, 多媒体,2-34,,,30,0
外国语学院,34E02,经典电影英语视听说,A07,缪丽,2,蛟桥园校区, 多媒体,4-12,,,30,0
外国语学院,34E02,经典电影英语视听说,A08,缪丽,2,蛟桥园校区, 多媒体,4-34,,,30,0
外国语学院,34E02,经典电影英语视听说,A09,何爱群,2,蛟桥园校区, 多媒体,1-56,,,30,0
外国语学院,34E02,经典电影英语视听说,A10,何爱群,2,蛟桥园校区, 多媒体,2-56,,,30,0
外国语学院,34E02,经典电影英语视听说,B01,吴春英,2,麦庐园校区, 多媒体,4-12,,,30,0
外国语学院,34E02,经典电影英语视听说,B02,吴春英,2,麦庐园校区, 多媒体,4-34,,,30,0
外国语学院,34E02,经典电影英语视听说,B03,彭媛,2,麦庐园校区, 多媒体,4-12,,,30,0
外国语学院,34E02,经典电影英语视听说,B04,彭媛,2,麦庐园校区, 多媒体,4-34,,,30,0
外国语学院,04022,商务日语I,B01,,2,麦庐园校区, 多媒体,4-12,,,30,0
外国语学院,04024,日语听力IV,B01,陶萍,4,麦庐园校区, 语音室,3-56,5-56,,30,1
外国语学院,04036,基础日语Ⅳ,B01,熊辉,6,麦庐园校区, 多媒体,2-56,4-34,5-34,40,1
外国语学院,04152,商务英语口语,B01,樊萍,2,麦庐园校区, 多媒体,4-12,,,35,0
外国语学院,04152,商务英语口语,B02,樊萍,2,麦庐园校区, 多媒体,4-34,,,35,0
外国语学院,04352,日语口语Ⅳ,B01,,2,麦庐园校区, 多媒体,2-34,,,30,1
外国语学院,04362,高级视听II,B01,陶萍,2,麦庐园校区, 语音室,3-34,,,30,0
外国语学院,04625,大学俄语I,B01,余欢,5,麦庐园校区, 普通,2-567,4-89,,30,0
外国语学院,04645,大学俄语III,B01,余欢,5,麦庐园校区, 普通,1-34,3-123,,30,0
外国语学院,04942,日语翻译I,B01,高勇,2,麦庐园校区, 多媒体,4-34,,,30,0
外国语学院,34033,日语语法,B01,严新平,3,麦庐园校区, 多媒体,1-123,,,40,1
外国语学院,34082,大学英语IV,A01,孙毅,2,蛟桥园校区, 多媒体,1-12,,,40,0
外国语学院,34082,大学英语IV,A02,孙毅,2,蛟桥园校区, 多媒体,1-34,,,40,0
外国语学院,34082,大学英语IV,A03,孙毅,2,蛟桥园校区, 多媒体,1-567,,,40,0
外国语学院,34082,大学英语IV,A04,王强,2,蛟桥园校区, 多媒体,1-12,,,40,0
外国语学院,34082,大学英语IV,A05,王强,2,蛟桥园校区, 多媒体,1-34,,,40,0
外国语学院,34082,大学英语IV,A06,王强,2,蛟桥园校区, 多媒体,2-12,,,40,0
外国语学院,34082,大学英语IV,A07,王强,2,蛟桥园校区, 多媒体,2-34,,,40,0
外国语学院,34082,大学英语IV,A08,吴云龙,2,蛟桥园校区, 多媒体,2-12,,,40,0
外国语学院,34082,大学英语IV,A09,吴云龙,2,蛟桥园校区, 多媒体,2-34,,,40,0
外国语学院,34082,大学英语IV,A10,吴云龙,2,蛟桥园校区, 多媒体,3-12,,,40,0
外国语学院,34082,大学英语IV,A11,吴云龙,2,蛟桥园校区, 多媒体,3-34,,,40,1
外国语学院,34082,大学英语IV,A12,朱少华,2,蛟桥园校区, 多媒体,2-12,,,40,1
外国语学院,34082,大学英语IV,A13,朱少华,2,蛟桥园校区, 多媒体,2-34,,,40,1
外国语学院,34082,大学英语IV,A14,朱少华,2,蛟桥园校区, 多媒体,4-12,,,40,1
外国语学院,34082,大学英语IV,A15,朱少华,2,蛟桥园校区, 多媒体,4-34,,,40,1
外国语学院,34082,大学英语IV,A16,王芙蓉,2,蛟桥园校区, 多媒体,2-12,,,40,1
外国语学院,34082,大学英语IV,A17,王芙蓉,2,蛟桥园校区, 多媒体,2-34,,,40,1
外国语学院,34082,大学英语IV,B01,曾光湖,2,麦庐园校区, 多媒体,4-56,,,40,0
外国语学院,34082,大学英语IV,B02,曾光湖,2,麦庐园校区, 多媒体,4-89,,,40,0
外国语学院,34082,大学英语IV,B03,曾光湖,2,麦庐园校区, 多媒体,5-56,,,40,0
外国语学院,34082,大学英语IV,B04,朱林韬,2,麦庐园校区, 多媒体,2-12,,,40,0
外国语学院,34082,大学英语IV,B05,朱林韬,2,麦庐园校区, 多媒体,2-34,,,40,0
外国语学院,34082,大学英语IV,B06,朱林韬,2,麦庐园校区, 多媒体,2-56,,,40,0
外国语学院,34082,大学英语IV,B07,吴春英,2,麦庐园校区, 多媒体,1-12,,,40,1
外国语学院,34082,大学英语IV,B08,吴春英,2,麦庐园校区, 多媒体,1-34,,,40,1
外国语学院,34082,大学英语IV,B09,吴春英,2,麦庐园校区, 多媒体,1-56,,,40,1
外国语学院,34082,大学英语IV,B10,涂年根,2,麦庐园校区, 多媒体,1-34,,,40,1
外国语学院,34082,大学英语IV,B11,涂年根,2,麦庐园校区, 多媒体,1-89,,,40,1
外国语学院,34082,大学英语IV,B12,涂年根,2,麦庐园校区, 多媒体,2-34,,,40,1
外国语学院,34082,大学英语IV,B13,涂年根,2,麦庐园校区, 多媒体,2-89,,,40,0
外国语学院,34082,大学英语IV,B14,涂年根,2,麦庐园校区, 多媒体,3-34,,,40,0
外国语学院,34082,大学英语IV,B15,刘忠,2,麦庐园校区, 多媒体,1-34,,,40,0
外国语学院,34082,大学英语IV,B16,刘忠,2,麦庐园校区, 多媒体,2-34,,,40,0
外国语学院,34082,大学英语IV,B17,卢润,2,麦庐园校区, 多媒体,5-34,,,40,0
外国语学院,34202,美国文学选读,B01,李会学,2,麦庐园校区, 多媒体,3-34,,,30,0
外国语学院,34202,美国文学选读,B02,李会学,2,麦庐园校区, 多媒体,2-34,,,30,0
外国语学院,34202,美国文学选读,B03,李会学,2,麦庐园校区, 多媒体,2-12,,,30,0
外国语学院,34522,第二外语(英语)III,B01,林冰虹,2,麦庐园校区, 多媒体,1-56,,,30,1
外国语学院,34652,国际商事合同写作(英),B01,涂慧娟,2,麦庐园校区, 多媒体,5-12,,,30,0
外国语学院,34652,国际商事合同写作(英),B02,涂慧娟,2,麦庐园校区, 多媒体,5-34,,,30,0
外国语学院,34652,国际商事合同写作(英),B03,涂慧娟,2,麦庐园校区, 多媒体,5-56,,,30,0
外国语学院,34692,语用学,B01,王静,2,麦庐园校区, 多媒体,2-34,,,30,0
外国语学院,34692,语用学,B02,王静,2,麦庐园校区, 多媒体,1-12,,,30,0
外国语学院,34692,语用学,B03,王静,2,麦庐园校区, 多媒体,1-34,,,30,0
外国语学院,34702,功能语言学,B01,毛凡宇,2,麦庐园校区, 多媒体,5-34,,,30,0
外国语学院,34702,功能语言学,B02,毛凡宇,2,麦庐园校区, 多媒体,5-12,,,30,0
外国语学院,34702,功能语言学,B03,毛凡宇,2,麦庐园校区, 普通,2-34,,,30,0
外国语学院,34752,商务沟通(英),B01,吴冰,2,麦庐园校区, 多媒体,4-34,,,30,0
外国语学院,34752,商务沟通(英),B02,汪清囡,2,麦庐园校区, 多媒体,1-56,,,30,0
外国语学院,34752,商务沟通(英),B03,吴冰,2,麦庐园校区, 多媒体,4-12,,,30,0
外国语学院,34912,大学英语VI,A01,郭瑶函,2,蛟桥园校区, 多媒体,4-12,,,40,0
外国语学院,34912,大学英语VI,A02,钟淑敏,2,蛟桥园校区, 多媒体,2-12,,,40,0
外国语学院,34912,大学英语VI,A03,郭瑶函,2,蛟桥园校区, 多媒体,4-34,,,40,0
外国语学院,34912,大学英语VI,A04,钟淑敏,2,蛟桥园校区, 多媒体,2-34,,,40,0
外国语学院,34912,大学英语VI,A05,郭瑶函,2,蛟桥园校区, 多媒体,2-12,,,0,0
外国语学院,34912,大学英语VI,A06,郭瑶函,2,蛟桥园校区, 多媒体,2-34,,,40,0
外国语学院,34E42,跨文化商务沟通,A01,张善军,2,蛟桥园校区, 多媒体,3-12,,,40,0
外国语学院,34E42,跨文化商务沟通,A02,张善军,2,蛟桥园校区, 多媒体,3-34,,,40,0
外国语学院,34E42,跨文化商务沟通,A03,曾论萍,2,蛟桥园校区, 多媒体,2-12,,,40,0
外国语学院,34E42,跨文化商务沟通,A04,曾论萍,2,蛟桥园校区, 多媒体,2-34,,,40,0
外国语学院,34E42,跨文化商务沟通,B01,黄丽群,2,麦庐园校区, 多媒体,3-12,,,40,0
外国语学院,34E42,跨文化商务沟通,B02,黄丽群,2,麦庐园校区, 多媒体,3-34,,,40,0
外国语学院,34E82,雅思英语专题,A01,宛宇玮,2,蛟桥园校区, 多媒体,3-12,,,40,0
外国语学院,34E82,雅思英语专题,A02,宛宇玮,2,蛟桥园校区, 多媒体,3-34,,,40,0
外国语学院,34E82,雅思英语专题,A03,宛宇玮,2,蛟桥园校区, 多媒体,4-34,,,40,0
外国语学院,04B62,英语论文写作,B01,熊兵娇,2,麦庐园校区, 多媒体,4-12,,,30,0
外国语学院,04B62,英语论文写作,B02,熊兵娇,2,麦庐园校区, 多媒体,4-78,,,30,0
外国语学院,04B62,英语论文写作,B03,熊兵娇,2,麦庐园校区, 多媒体,4-34,,,30,0
外国语学院,04C12,国际商务谈判（双语）,B01,邹美兰,2,麦庐园校区, 多媒体,3-12,,,30,0
外国语学院,04C12,国际商务谈判（双语）,B02,钟达祥,2,麦庐园校区, 多媒体,5-34,,,30,0
外国语学院,04C12,国际商务谈判（双语）,B03,邹美兰,2,麦庐园校区, 多媒体,3-34,,,30,0
外国语学院,04D32,日语经贸写作,B01,,2,麦庐园校区, 多媒体,5-56,,,30,0
外国语学院,04D72,俄罗斯文化与习俗,A01,余欢,2,蛟桥园校区, 多媒体,4-56,,,0,0
外国语学院,34B32,高级商务英语II,B01,邹雯虹,2,麦庐园校区, 多媒体,3-89,,,30,0
外国语学院,34B32,高级商务英语II,B02,邹雯虹,2,麦庐园校区, 多媒体,3-12,,,30,0
外国语学院,34B32,高级商务英语II,B03,邹雯虹,2,麦庐园校区, 多媒体,3-34,,,30,0
外国语学院,34B54,第二外语（日）Ⅱ,B01,严新平,4,麦庐园校区, 多媒体,1-56,3-12,,40,0
外国语学院,34B61,英语视听说4,A01,饶纪红,1,蛟桥园校区, 多媒体,3-12,,,38,0
外国语学院,34B61,英语视听说4,A02,饶纪红,1,蛟桥园校区, 多媒体,3-12,,,38,0
外国语学院,34B61,英语视听说4,A03,饶纪红,1,蛟桥园校区, 多媒体,3-12,,,38,0
外国语学院,34B61,英语视听说4,A04,饶纪红,1,蛟桥园校区, 多媒体,3-12,,,38,0
外国语学院,34B61,英语视听说4,A05,饶纪红,1,蛟桥园校区, 多媒体,4-12,,,38,0
外国语学院,34B61,英语视听说4,A06,饶纪红,1,蛟桥园校区, 多媒体,4-12,,,38,0
外国语学院,34B61,英语视听说4,A07,饶纪红,1,蛟桥园校区, 多媒体,4-34,,,38,0
外国语学院,34B61,英语视听说4,A08,饶纪红,1,蛟桥园校区, 多媒体,4-34,,,38,0
外国语学院,34B61,英语视听说4,A09,孙毅,1,蛟桥园校区, 多媒体,5-12,,,38,0
外国语学院,34B61,英语视听说4,A10,孙毅,1,蛟桥园校区, 多媒体,5-12,,,38,0
外国语学院,34B61,英语视听说4,A11,孙毅,1,蛟桥园校区, 多媒体,5-34,,,38,0
外国语学院,34B61,英语视听说4,A12,孙毅,1,蛟桥园校区, 多媒体,5-34,,,38,0
外国语学院,34B61,英语视听说4,A13,孙毅,1,蛟桥园校区, 多媒体,5-56,,,38,0
外国语学院,34B61,英语视听说4,A14,孙毅,1,蛟桥园校区, 多媒体,5-56,,,38,0
外国语学院,34B61,英语视听说4,A15,王强,1,蛟桥园校区, 多媒体,1-56,,,38,0
外国语学院,34B61,英语视听说4,A16,王强,1,蛟桥园校区, 多媒体,1-56,,,38,0
外国语学院,34B61,英语视听说4,A17,王强,1,蛟桥园校区, 多媒体,2-56,,,38,0
外国语学院,34B61,英语视听说4,A18,王强,1,蛟桥园校区, 多媒体,2-56,,,38,0
外国语学院,34B61,英语视听说4,A19,吴云龙,1,蛟桥园校区, 多媒体,5-12,,,38,0
外国语学院,34B61,英语视听说4,A20,吴云龙,1,蛟桥园校区, 多媒体,5-12,,,38,0
外国语学院,34B61,英语视听说4,A21,吴云龙,1,蛟桥园校区, 多媒体,5-34,,,38,0
外国语学院,34B61,英语视听说4,A22,吴云龙,1,蛟桥园校区, 多媒体,5-34,,,38,0
外国语学院,34B61,英语视听说4,A23,何爱群,1,蛟桥园校区, 多媒体,1-12,,,38,0
外国语学院,34B61,英语视听说4,A24,何爱群,1,蛟桥园校区, 多媒体,1-12,,,38,0
外国语学院,34B61,英语视听说4,A25,何爱群,1,蛟桥园校区, 多媒体,1-34,,,38,0
外国语学院,34B61,英语视听说4,A26,何爱群,1,蛟桥园校区, 多媒体,1-34,,,38,0
外国语学院,34B61,英语视听说4,A27,何爱群,1,蛟桥园校区, 多媒体,2-12,,,38,0
外国语学院,34B61,英语视听说4,A28,何爱群,1,蛟桥园校区, 多媒体,2-12,,,38,0
外国语学院,34B61,英语视听说4,A29,何爱群,1,蛟桥园校区, 多媒体,2-34,,,38,0
外国语学院,34B61,英语视听说4,A30,何爱群,1,蛟桥园校区, 多媒体,2-34,,,38,0
外国语学院,34B61,英语视听说4,A31,程卫丽,1,蛟桥园校区, 多媒体,1-56,,,38,0
外国语学院,34B61,英语视听说4,A32,程卫丽,1,蛟桥园校区, 多媒体,1-56,,,38,0
外国语学院,34B61,英语视听说4,A33,程卫丽,1,蛟桥园校区, 多媒体,2-12,,,40,0
外国语学院,34B61,英语视听说4,A34,程卫丽,1,蛟桥园校区, 多媒体,2-12,,,40,0
外国语学院,34B61,英语视听说4,A35,程卫丽,1,蛟桥园校区, 多媒体,2-34,,,40,0
外国语学院,34B61,英语视听说4,A36,程卫丽,1,蛟桥园校区, 多媒体,2-34,,,0,0
外国语学院,34B61,英语视听说4,A37,程卫丽,1,蛟桥园校区, 多媒体,2-56,,,40,0
外国语学院,34B61,英语视听说4,A38,程卫丽,1,蛟桥园校区, 多媒体,2-56,,,40,0
外国语学院,34B61,英语视听说4,A39,缪丽,1,蛟桥园校区, 多媒体,2-12,,,40,0
外国语学院,34B61,英语视听说4,A40,缪丽,1,蛟桥园校区, 多媒体,2-12,,,40,0
外国语学院,34B61,英语视听说4,A41,缪丽,1,蛟桥园校区, 多媒体,2-34,,,40,0
外国语学院,34B61,英语视听说4,A42,缪丽,1,蛟桥园校区, 多媒体,2-34,,,40,0
外国语学院,34B61,英语视听说4,A43,缪丽,1,蛟桥园校区, 多媒体,2-56,,,40,0
外国语学院,34B61,英语视听说4,A44,缪丽,1,蛟桥园校区, 多媒体,2-56,,,40,0
外国语学院,34B61,英语视听说4,A45,宛宇玮,1,蛟桥园校区, 多媒体,2-12,,,40,0
外国语学院,34B61,英语视听说4,A46,宛宇玮,1,蛟桥园校区, 多媒体,2-12,,,40,0
外国语学院,34B61,英语视听说4,A47,宛宇玮,1,蛟桥园校区, 多媒体,2-34,,,40,0
外国语学院,34B61,英语视听说4,A48,宛宇玮,1,蛟桥园校区, 多媒体,2-34,,,40,0
外国语学院,34B61,英语视听说4,A49,宛宇玮,1,蛟桥园校区, 多媒体,2-56,,,40,0
外国语学院,34B61,英语视听说4,A50,宛宇玮,1,蛟桥园校区, 多媒体,2-56,,,40,0
外国语学院,34B61,英语视听说4,A51,曾论萍,1,蛟桥园校区, 多媒体,1-12,,,40,0
外国语学院,34B61,英语视听说4,A52,曾论萍,1,蛟桥园校区, 多媒体,1-12,,,40,0
外国语学院,34B61,英语视听说4,A53,曾论萍,1,蛟桥园校区, 多媒体,1-34,,,40,0
外国语学院,34B61,英语视听说4,A54,曾论萍,1,蛟桥园校区, 多媒体,1-34,,,40,0
外国语学院,34B61,英语视听说4,B01,涂雨晨,1,麦庐园校区, 多媒体,3-12,,,38,0
外国语学院,34B61,英语视听说4,B02,涂雨晨,1,麦庐园校区, 多媒体,3-12,,,38,0
外国语学院,34B61,英语视听说4,B03,涂雨晨,1,麦庐园校区, 多媒体,3-34,,,38,0
外国语学院,34B61,英语视听说4,B04,涂雨晨,1,麦庐园校区, 多媒体,3-34,,,38,0
外国语学院,34B61,英语视听说4,B05,涂雨晨,1,麦庐园校区, 多媒体,4-34,,,38,0
外国语学院,34B61,英语视听说4,B06,涂雨晨,1,麦庐园校区, 多媒体,4-34,,,38,0
外国语学院,34B61,英语视听说4,B07,涂雨晨,1,麦庐园校区, 多媒体,4-56,,,38,0
外国语学院,34B61,英语视听说4,B08,涂雨晨,1,麦庐园校区, 多媒体,4-56,,,38,0
外国语学院,34B61,英语视听说4,B09,曾光湖,1,麦庐园校区, 多媒体,1-56,,,38,0
外国语学院,34B61,英语视听说4,B10,曾光湖,1,麦庐园校区, 多媒体,1-56,,,38,0
外国语学院,34B61,英语视听说4,B11,曾光湖,1,麦庐园校区, 多媒体,4-34,,,38,0
外国语学院,34B61,英语视听说4,B12,曾光湖,1,麦庐园校区, 多媒体,4-34,,,38,0
外国语学院,34B61,英语视听说4,B13,曾光湖,1,麦庐园校区, 多媒体,5-34,,,38,0
外国语学院,34B61,英语视听说4,B14,曾光湖,1,麦庐园校区, 多媒体,5-34,,,38,0
外国语学院,34B61,英语视听说4,B15,冯德兵,1,麦庐园校区, 多媒体,2-12,,,38,0
外国语学院,34B61,英语视听说4,B16,冯德兵,1,麦庐园校区, 多媒体,2-12,,,38,0
外国语学院,34B61,英语视听说4,B17,冯德兵,1,麦庐园校区, 多媒体,2-34,,,38,0
外国语学院,34B61,英语视听说4,B18,冯德兵,1,麦庐园校区, 多媒体,2-34,,,38,0
外国语学院,34B61,英语视听说4,B19,冯德兵,1,麦庐园校区, 多媒体,3-12,,,38,0
外国语学院,34B61,英语视听说4,B20,冯德兵,1,麦庐园校区, 多媒体,3-12,,,38,0
外国语学院,34B61,英语视听说4,B21,冯德兵,1,麦庐园校区, 多媒体,3-34,,,38,0
外国语学院,34B61,英语视听说4,B22,冯德兵,1,麦庐园校区, 多媒体,3-34,,,38,0
外国语学院,34B61,英语视听说4,B23,曾传玉,1,麦庐园校区, 多媒体,4-12,,,38,0
外国语学院,34B61,英语视听说4,B24,曾传玉,1,麦庐园校区, 多媒体,4-12,,,38,0
外国语学院,34B61,英语视听说4,B25,曾传玉,1,麦庐园校区, 多媒体,4-34,,,0,0
外国语学院,34B61,英语视听说4,B26,曾传玉,1,麦庐园校区, 多媒体,4-34,,,0,0
外国语学院,34B62,商务英语口译I,A01,刘琳红,2,蛟桥园校区, 多媒体,1-12,,,30,0
外国语学院,34B62,商务英语口译I,A02,刘琳红,2,蛟桥园校区, 多媒体,2-12,,,30,0
外国语学院,34B62,商务英语口译I,B01,吴冰,2,麦庐园校区, 多媒体,2-12,,,30,0
外国语学院,34B62,商务英语口译I,B02,吴冰,2,麦庐园校区, 多媒体,2-34,,,30,0
外国语学院,34B64,第二外语（法）Ⅱ,B01,王i,4,麦庐园校区, 多媒体,1-89,4-56,,40,0
外国语学院,34B64,第二外语（法）Ⅱ,B02,王i,4,麦庐园校区, 多媒体,1-56,3-89,,40,0
外国语学院,34B72,商务英语口译II,A01,刘琳红,2,蛟桥园校区, 多媒体,1-34,,,30,0
外国语学院,34B72,商务英语口译II,A02,刘琳红,2,蛟桥园校区, 多媒体,2-34,,,30,0
外国语学院,34B72,商务英语口译II,B01,魏丽萍,2,麦庐园校区, 语音室,2-34,,,45,0
外国语学院,34B72,商务英语口译II,B02,魏丽萍,2,麦庐园校区, 语音室,2-12,,,45,0
外国语学院,34B72,商务英语口译II,B03,魏丽萍,2,麦庐园校区, 多媒体,2-56,,,30,0
外国语学院,34C02,英美诗歌,B01,周江平,2,麦庐园校区, 多媒体,1-12,,,30,0
外国语学院,34C02,英美诗歌,B02,周江平,2,麦庐园校区, 多媒体,1-34,,,30,0
外国语学院,34C02,英美诗歌,B03,周江平,2,麦庐园校区, 多媒体,1-56,,,30,0
外国语学院,34C12,英美文学专题 研究,B02,谢海长,2,麦庐园校区, 多媒体,3-12,,,30,0
外国语学院,34C12,英美文学专题 研究,B03,谢海长,2,麦庐园校区, 多媒体,2-34,,,30,0
外国语学院,34C32,西方译论,B01,谢海长,2,麦庐园校区, 多媒体,3-34,,,30,0
外国语学院,34D02,新闻英语视听,A01,朱少华,2,蛟桥园校区, 多媒体,1-12,,,40,0
外国语学院,34D02,新闻英语视听,A02,朱少华,2,蛟桥园校区, 多媒体,1-34,,,40,0
外国语学院,34D02,新闻英语视听,A03,朱少华,2,蛟桥园校区, 多媒体,5-12,,,40,0
外国语学院,34D02,新闻英语视听,A04,朱少华,2,蛟桥园校区, 多媒体,5-34,,,40,0
外国语学院,34D02,新闻英语视听,A05,张善军,2,蛟桥园校区, 多媒体,2-12,,,40,0
外国语学院,34D02,新闻英语视听,A06,张善军,2,蛟桥园校区, 多媒体,2-34,,,40,0
外国语学院,34D02,新闻英语视听,A07,赵娟,2,蛟桥园校区, 多媒体,4-12,,,40,0
外国语学院,34D02,新闻英语视听,A08,赵娟,2,蛟桥园校区, 多媒体,4-34,,,40,0
外国语学院,34D02,新闻英语视听,A10,,2,蛟桥园校区, 多媒体,5-56,,,0,0
外国语学院,34D02,新闻英语视听,B01,李红梅,2,麦庐园校区, 多媒体,4-56,,,40,0
外国语学院,34D02,新闻英语视听,B02,李红梅,2,麦庐园校区, 多媒体,5-56,,,40,0
外国语学院,34D02,新闻英语视听,B03,卢润,2,麦庐园校区, 多媒体,4-56,,,40,0
外国语学院,34D02,新闻英语视听,B04,卢润,2,麦庐园校区, 多媒体,5-56,,,40,0
外国语学院,34D12,英语演讲,A01,杜景平,2,蛟桥园校区, 多媒体,2-12,,,30,0
外国语学院,34D12,英语演讲,A02,杜景平,2,蛟桥园校区, 多媒体,2-34,,,30,0
外国语学院,34D12,英语演讲,B01,徐艳,2,麦庐园校区, 多媒体,3-12,,,30,0
外国语学院,34D12,英语演讲,B02,徐艳,2,麦庐园校区, 多媒体,3-34,,,30,0
外国语学院,34D32,剑桥商务英语,A01,涂慧娟,2,蛟桥园校区, 多媒体,1-12,,,30,0
外国语学院,34D32,剑桥商务英语,A02,涂慧娟,2,蛟桥园校区, 多媒体,1-34,,,30,0
外国语学院,34D72,英汉翻译基础与实践,A01,钟淑敏,2,蛟桥园校区, 多媒体,1-12,,,35,0
外国语学院,34D72,英汉翻译基础与实践,A02,钟淑敏,2,蛟桥园校区, 多媒体,1-34,,,35,0
外国语学院,34D72,英汉翻译基础与实践,A05,郭瑶函,2,蛟桥园校区, 多媒体,3-12,,,35,0
外国语学院,34D72,英汉翻译基础与实践,A06,郭瑶函,2,蛟桥园校区, 多媒体,3-34,,,35,0
外国语学院,34D72,英汉翻译基础与实践,B01,钟淑敏,2,麦庐园校区, 多媒体,3-12,,,35,0
外国语学院,34D72,英汉翻译基础与实践,B02,钟淑敏,2,麦庐园校区, 多媒体,3-34,,,35,0
外国语学院,34D92,英美文学欣赏,A01,陈润平,2,蛟桥园校区, 多媒体,3-12,,,30,0
外国语学院,34D92,英美文学欣赏,A02,陈润平,2,蛟桥园校区, 多媒体,"3-34",,,30,0
信息管理学院,03032,财经管理信息系统及其应用,B01,廖述梅,2,麦庐园校区, 多媒体,1-34,3-34,,30,0
信息管理学院,03032,财经管理信息系统及其应用,B02,廖述梅,2,麦庐园校区, 多媒体,5-34,3-34,,30,0
信息管理学院,03032,财经管理信息系统及其应用,B03,沈波,2,麦庐园校区, 多媒体,2-12,4-12,,30,0
信息管理学院,03032,财经管理信息系统及其应用,B04,沈波,2,麦庐园校区, 多媒体,2-34,4-12,,30,0
信息管理学院,03032,财经管理信息系统及其应用,B05,周萍,2,麦庐园校区, 多媒体,1-12,2-12,,30,0
信息管理学院,03032,财经管理信息系统及其应用,B06,周萍,2,麦庐园校区, 多媒体,1-34,2-12,,30,0
信息管理学院,03072,办公软件高级应用,A01,程荃华,2,蛟桥园校区, 机房（技术中心）,1-12,,,40,0
信息管理学院,03072,办公软件高级应用,A02,程荃华,2,蛟桥园校区, 机房（技术中心）,1-34,,,40,0
信息管理学院,03072,办公软件高级应用,B01,刘炜,2,麦庐园校区, 机房（技术中心）,1-12,,,40,0
信息管理学院,03072,办公软件高级应用,B02,刘炜,2,麦庐园校区, 机房（技术中心）,1-34,,,40,0
信息管理学院,03093,概率统计Ⅱ,B01,聂高辉,3,麦庐园校区, 多媒体,3-567,,,60,1
信息管理学院,03194,运筹学,B01,刘满凤,4,麦庐园校区, 多媒体,2-34,4-56,,120,1
信息管理学院,03203,信息资源的组织与管理,B01,刘启华,3,麦庐园校区, 多媒体,2-567,,,30,1
信息管理学院,03203,信息资源的组织与管理,B02,刘启华,3,麦庐园校区, 多媒体,3-567,,,30,1
信息管理学院,03273,计量经济学,A01,万建香,3,蛟桥园校区, 多媒体,1-89A,,,120,0
信息管理学院,03273,计量经济学,A02,齐亚伟,3,蛟桥园校区, 多媒体,5-567,,,120,0
信息管理学院,03273,计量经济学,A03,朱永军,3,蛟桥园校区, 多媒体,2-89A,,,120,0
信息管理学院,03273,计量经济学,A04,朱永军,3,蛟桥园校区, 多媒体,4-89A,,,120,0
信息管理学院,03273,计量经济学,A05,陶长琪,3,蛟桥园校区, 多媒体,1-567,,,120,0
信息管理学院,03273,计量经济学,A06,徐晔,3,蛟桥园校区, 多媒体,1-89A,,,120,0
信息管理学院,03273,计量经济学,B01,万建香,3,麦庐园校区, 多媒体,1-567,,,120,0
信息管理学院,03293,博弈论,A01,王翠霞,3,蛟桥园校区, 多媒体,2-567,,,120,0
信息管理学院,03293,博弈论,B01,万龙,3,麦庐园校区, 多媒体,2-567,,,60,0
信息管理学院,03295,数值计算方法,B02,华长生,5,麦庐园校区, 多媒体,1-567,4-34,,60,1
信息管理学院,03333,数据库应用,B01,钟敏娟,3,麦庐园校区, 多媒体,3-12,4-12,,60,0
信息管理学院,03333,数据库应用,B02,钟敏娟,3,麦庐园校区, 多媒体,3-34,4-34,,60,0
信息管理学院,03374,编译方法,B01,吴方君,4,麦庐园校区, 多媒体,2-56,3-56,,60,0
信息管理学院,03423,数学建模,B01,华长生,3,麦庐园校区, 多媒体,5-12,5-34,,0,0
信息管理学院,03523,组网技术,B01,刘谦,3,麦庐园校区, 机房（技术中心）,2-567,,,25,0
信息管理学院,03523,组网技术,B02,刘谦,3,麦庐园校区, 机房（技术中心）,3-567,,,25,0
信息管理学院,03563,微分方程,B01,李刚刚,3,麦庐园校区, 多媒体,2-567,,,60,0
信息管理学院,03732,博弈论,A01,王翠霞,2,蛟桥园校区, 多媒体,3-12,,,60,0
信息管理学院,03993,计算机网络,B01,万征,3,麦庐园校区, 多媒体,2-567,,,35,1
信息管理学院,03993,计算机网络,B02,万征,3,麦庐园校区, 多媒体,3-567,,,35,1
信息管理学院,33042,现代信息检索,B01,刘德喜,2,麦庐园校区, 多媒体,2-34,,,41,0
信息管理学院,33044,决策理论与方法,B01,乐琦,4,麦庐园校区, 多媒体,2-34,4-34,,60,1
信息管理学院,33064,操作系统原理,B01,廖国琼,4,麦庐园校区, 多媒体,3-34,5-89,,45,1
信息管理学院,33064,操作系统原理,B02,骆斯文,4,麦庐园校区, 多媒体,2-12,2-89,,35,1
信息管理学院,33073,操作系统,B01,吴京慧,3,麦庐园校区, 多媒体,2-34,3-56,,35,0
信息管理学院,33073,操作系统,B02,吴京慧,3,麦庐园校区, 多媒体,2-12,4-12,,35,0
信息管理学院,33093,信息安全技术,B01,李钟华,3,麦庐园校区,专业机房（信息学院）,5-567,,,60,0
信息管理学院,33113,移动软件开发,B01,熊云波,3,麦庐园校区, 机房（技术中心）,3-89A,,,60,0
信息管理学院,33142,金融信息系统,B01,狄国强,2,麦庐园校区, 多媒体,1-89,,,60,0
信息管理学院,33183,数据库应用开发技术,B01,杨波,3,麦庐园校区, 多媒体,2-89,3-89,,30,0
信息管理学院,33183,数据库应用开发技术,B02,杨波,3,麦庐园校区, 多媒体,3-56,4-89,,30,0
信息管理学院,33183,数据库应用开发技术,B03,吴京慧,3,麦庐园校区,专业机房（信息学院）,3-12,3-34,4-34,30,0
信息管理学院,33203,金融数据分析,B01,叶榕,3,麦庐园校区, 多媒体,1-567,,,120,0
信息管理学院,33282,金融市场计量经济学,B01,叶榕,2,麦庐园校区, 多媒体,1-34,,,60,0
信息管理学院,33922,数据仓库与数据挖掘,B01,钟敏娟,2,麦庐园校区,专业机房（信息学院）,3-89A,,,25,0
信息管理学院,33922,数据仓库与数据挖掘,B02,江腾蛟,2,麦庐园校区,专业机房（信息学院）,1-123,,,25,0
信息管理学院,33962,软件项目管理,B01,狄国强,2,麦庐园校区, 多媒体,2-56,,,60,0
信息管理学院,03A63,ERP原理与实践,B01,丁菊玲,3,麦庐园校区, 多媒体,1-12,1-56,,60,0
信息管理学院,03A63,ERP原理与实践,B02,丁菊玲,3,麦庐园校区, 多媒体,1-34,1-56,,60,0
信息管理学院,03A64,管理统计学（双语）,B01,朱永军,4,麦庐园校区, 多媒体,2-12,4-34,,60,1
信息管理学院,03A74,概率论与数理统计,B01,汪星,4,麦庐园校区, 多媒体,2-89,4-89,,100,1
信息管理学院,33A05,信息系统分析与设计,B01,徐升华,5,麦庐园校区, 多媒体,2-123,4-34,,30,1
信息管理学院,33A05,信息系统分析与设计,B02,张富国,5,麦庐园校区, 多媒体,2-567,4-34,,30,1
信息管理学院,33A12,云计算与物联网概论,B01,黄玉坤,2,麦庐园校区, 多媒体,1-56,,,60,0
信息管理学院,33A52,移动(手机)软件开发,B01,熊云波,2,麦庐园校区, 机房（技术中心）,4-89A,,,60,0
信息管理学院,33A53,金融信息化,B01,狄国强,3,麦庐园校区, 多媒体,4-89,,,60,0
信息管理学院,33A63,Java开发技术,B01,黄玉坤,3,麦庐园校区, 多媒体,2-567,,,60,0
信息管理学院,33A64,数据库系统原理及应用,B01,刘爱红,4,麦庐园校区, 多媒体,1-12,1-56,4-12,25,1
信息管理学院,33A64,数据库系统原理及应用,B02,刘爱红,4,麦庐园校区, 多媒体,1-34,1-56,4-34,25,1
信息管理学院,33A64,数据库系统原理及应用,B03,吴京慧,4,麦庐园校区, 多媒体,2-56,5-12,5-34,25,0
信息管理学院,33A64,数据库系统原理及应用,B04,杨波,4,麦庐园校区, 多媒体,3-12,3-34,2-56,25,0
信息管理学院,33A92,计算机网络系统设计,B01,万征,2,麦庐园校区, 多媒体,2-89A,,,60,0
信息管理学院,33B02,人工智能基础,B01,杨小平,2,麦庐园校区, 多媒体,1-34,,,60,0
信息管理学院,33B13,算法设计与分析,B01,李季,3,麦庐园校区, 多媒体,2-34,4-34,,60,0
信息管理学院,33B52,学术英语,B01,汪星,2,麦庐园校区, 多媒体,3-89,,,60,0
信息管理学院,33B82,中国经济分析,B01,叶榕,2,麦庐园校区, 多媒体,4-12,4-34,,60,0
信息管理学院,33B83,运营管理,B01,杜宾,3,麦庐园校区, 多媒体,2-567,,,55,0
信息管理学院,33B83,运营管理,B02,杜宾,3,麦庐园校区, 多媒体,2-89A,,,55,0
医院,10162,常见急救知识,A01,严军亮,2,蛟桥园校区, 多媒体,1-89,,,105,0
医院,10162,常见急救知识,A02,严军亮,2,蛟桥园校区, 多媒体,2-89,,,105,0
艺术学院,19932,企业形象设计（工业）,B01,陈,2,麦庐园校区, 多媒体,3-56,,,0,0
艺术学院,19932,企业形象设计（工业）,B02,陈,2,麦庐园校区, 多媒体,4-34,,,0,0
艺术学院,19933,土壤肥料学,B01,邹宽生,3,麦庐园校区, 多媒体,2-89A,,,0,0
艺术学院,19943,园林植物病虫害防治,B01,邹宽生,3,麦庐园校区, 多媒体,1-89A,,,0,0
艺术学院,20482,专业文案设计与写作,B01,舒小坚,2,麦庐园校区, 多媒体,4-12,,,80,0
艺术学院,38233,分镜头与文案设计,B01,舒小坚,3,麦庐园校区, 多媒体,4-89A,,,80,0
艺术学院,38272,中外美术鉴赏,B01,田衡,2,麦庐园校区, 普通,4-89,,,35,0
艺术学院,38303,环境设施设计,B01,胡丹霞,3,麦庐园校区, 普通,2-567,,,0,0
艺术学院,38333,快题设计,B01,杨泳,3,麦庐园校区, 多媒体,3-567,,,0,0
艺术学院,38642,即兴伴奏II,B01,马艳,2,麦庐园校区, 普通,2-34,,,0,0
艺术学院,38792,西方艺术史,B01,刘涵,2,麦庐园校区, 多媒体,5-12,,,35,0
艺术学院,38792,西方艺术史,B02,刘涵,2,麦庐园校区, 多媒体,5-34,,,35,0
艺术学院,38792,西方艺术史,B03,刘涵,2,麦庐园校区, 多媒体,1-56,,,80,0
艺术学院,49092,大学生饮食营养与健康,A01,江绍玫,2,蛟桥园校区, 多媒体,1-89,,,120,0
艺术学院,49092,大学生饮食营养与健康,A02,江绍玫,2,蛟桥园校区, 多媒体,2-89,,,120,0
艺术学院,49092,大学生饮食营养与健康,A03,江绍玫,2,蛟桥园校区, 多媒体,3-89,,,120,0
艺术学院,49092,大学生饮食营养与健康,A04,江绍玫,2,蛟桥园校区, 多媒体,4-89,,,120,0
艺术学院,49092,大学生饮食营养与健康,B01,舒洪岚,2,麦庐园校区, 多媒体,2-89,,,120,0
艺术学院,49092,大学生饮食营养与健康,B02,舒洪岚,2,麦庐园校区, 多媒体,4-89,,,120,0
艺术学院,49252,产品设计市场调查与预测,B01,舒余安,2,麦庐园校区, 多媒体,2-12,,,0,0
艺术学院,62013,园林苗木培育,B01,舒洪岚,3,麦庐园校区, 多媒体,5-123,,,40,0
艺术学院,62013,园林苗木培育,B02,舒洪岚,3,麦庐园校区, 多媒体,3-567,,,40,0
艺术学院,66012,印刷设计,B01,胡名芙,2,麦庐园校区, 多媒体,1-34,,,35,0
艺术学院,66012,印刷设计,B02,胡名芙,2,麦庐园校区, 多媒体,1-56,,,35,0
艺术学院,66032,色彩鉴赏与搭配技巧,A01,黄彦,2,蛟桥园校区, 多媒体,4-12,,,0,0
艺术学院,66032,色彩鉴赏与搭配技巧,A02,黄彦,2,蛟桥园校区, 多媒体,4-34,,,0,0
艺术学院,66062,DV摄像制作与评析,B01,黄志明,2,麦庐园校区, 普通,4-34,,,35,0
艺术学院,66062,DV摄像制作与评析,B02,黄志明,2,麦庐园校区, 普通,4-12,,,35,0
艺术学院,66062,DV摄像制作与评析,B03,刘涵,2,麦庐园校区, 多媒体,1-34,,,80,0
艺术学院,70103,定格动画设计,B01,温强,3,麦庐园校区, 普通,2-567,,,40,0
艺术学院,70113,Flash动画设计,B01,胡新辰,3,麦庐园校区, 普通,3-234,,,37,0
艺术学院,19E12,广告设计,B01,张冠男,2,麦庐园校区, 多媒体,1-56,,,0,0
艺术学院,19E42,字体设计,B01,单汶静,2,麦庐园校区, 多媒体,2-56,,,0,0
艺术学院,19E62,图形设计,B01,黄松涛,2,麦庐园校区, 多媒体,5-34,,,35,0
艺术学院,19E82,lustrator产品效果图技法,B01,舒余安,2,麦庐园校区, 普通,2-34,,,0,0
艺术学院,08A22,艺术导论,A01,舒小坚,2,蛟桥园校区, 多媒体,5-34,,,125,0
艺术学院,08A22,艺术导论,A02,舒小坚,2,蛟桥园校区, 多媒体,5-12,,,125,0
艺术学院,08A22,艺术导论,A03,舒小坚,2,蛟桥园校区, 多媒体,2-34,,,125,0
艺术学院,08A22,艺术导论,A04,舒小坚,2,蛟桥园校区, 多媒体,3-34,,,125,0
艺术学院,08A22,艺术导论,B01,舒小坚,2,麦庐园校区, 多媒体,3-89,,,125,0
艺术学院,08A22,艺术导论,B02,舒小坚,2,麦庐园校区, 多媒体,4-34,,,125,0
艺术学院,08A42,音乐鉴赏,A01,李霜,2,蛟桥园校区, 多媒体,1-12,,,110,0
艺术学院,08A42,音乐鉴赏,A02,李霜,2,蛟桥园校区, 多媒体,1-34,,,110,0
艺术学院,08A42,音乐鉴赏,A03,李霜,2,蛟桥园校区, 多媒体,1-56,,,110,0
艺术学院,08A42,音乐鉴赏,A04,李霜,2,蛟桥园校区, 多媒体,2-56,,,110,0
艺术学院,08A42,音乐鉴赏,A05,李霜,2,蛟桥园校区, 多媒体,2-12,,,110,0
艺术学院,08A42,音乐鉴赏,A06,李霜,2,蛟桥园校区, 多媒体,2-34,,,110,0
艺术学院,08A42,音乐鉴赏,A07,尚乐文,2,蛟桥园校区, 多媒体,2-89,,,120,0
艺术学院,08A42,音乐鉴赏,A08,尚乐文,2,蛟桥园校区, 多媒体,3-89,,,120,0
艺术学院,08A42,音乐鉴赏,B01,邹晨娜,2,麦庐园校区, 多媒体,4-34,,,120,0
艺术学院,08A42,音乐鉴赏,B02,邹晨娜,2,麦庐园校区, 多媒体,5-34,,,120,0
艺术学院,08A72,舞蹈鉴赏,A01,罗敏,2,蛟桥园校区, 多媒体,5-34,,,0,0
艺术学院,08A72,舞蹈鉴赏,A02,习珍英,2,蛟桥园校区, 多媒体,4-34,,,0,0
艺术学院,08A72,舞蹈鉴赏,B01,罗敏,2,麦庐园校区, 多媒体,5-56,,,0,0
艺术学院,08A72,舞蹈鉴赏,B02,习珍英,2,麦庐园校区, 多媒体,4-89,,,0,0
艺术学院,08D73,DV影像制作,B01,汪翠芳,3,麦庐园校区, 多媒体,2-234,,,80,0
艺术学院,08D92,电影与动画鉴赏,B01,唐睿,2,麦庐园校区, 多媒体,4-34,,,80,0
艺术学院,08D93,建筑与风水,B01,胡名芙,3,麦庐园校区, 多媒体,3-567,,,0,0
艺术学院,08D93,建筑与风水,B02,胡名芙,3,麦庐园校区, 多媒体,4-89A,,,0,0
艺术学院,19F02,Flash动画,B01,杨泳,2,麦庐园校区, 普通,2-34,,,0,0
艺术学院,19F02,Flash动画,B02,胡新辰,2,麦庐园校区, 普通,2-12,,,35,0
艺术学院,19F02,Flash动画,B03,胡新辰,2,麦庐园校区, 普通,2-34,,,35,0
艺术学院,19F93,园林美学与艺术,B01,刘细燕,3,麦庐园校区, 多媒体,1-89A,,,0,0
艺术学院,19F93,园林美学与艺术,B02,刘细燕,3,麦庐园校区, 多媒体,5-89A,,,0,0
艺术学院,19G33,普通生态学,B01,舒洪岚,3,麦庐园校区, 多媒体,2-567,,,40,0
艺术学院,19G33,普通生态学,B02,舒洪岚,3,麦庐园校区, 多媒体,5-567,,,40,0
艺术学院,20A12,版式创意与设计,B01,尹晖,2,麦庐园校区, 普通,3-34,,,37,0
艺术学院,20B13,住宅空间设计及表现,B01,杨泳,3,麦庐园校区, 多媒体,2-567,,,0,0
艺术学院,20B42,电脑辅助设计II(3DMAX)必选,B01,温强,2,麦庐园校区, 普通,3-567,,,35,0
艺术学院,20B42,电脑辅助设计II(3DMAX)必选,B02,温强,2,麦庐园校区, 普通,5-567,,,35,0
艺术学院,20D02,建筑与风水,A01,胡名芙,2,蛟桥园校区, 多媒体,1-89,,,0,0
艺术学院,20D32,卡通吉祥物设计,B01,李民,2,麦庐园校区, 普通,3-56,,,37,0
艺术学院,20D72,民族声乐理论与实践,B01,李B,2,麦庐园校区, 普通,3-34,,,30,0
艺术学院,20K32,玉石雕刻与镶嵌艺术,B01,温强,2,麦庐园校区, 普通,3-34,,,40,0
艺术学院,38B12,三维软件辅助设计,B01,汪霖,2,麦庐园校区, 普通,4-89,,,0,0
艺术学院,38B72,数码摄影基础,B01,彭建斌,2,麦庐园校区, 多媒体,4-34,,,80,0
艺术学院,610A2,合唱排练,B01,张维刚,2,麦庐园校区, 普通,3-89,,,0,0
艺术学院,650A3,版式设计,B01,单汶静,3,麦庐园校区, 普通,3-234,,,0,0
艺术学院,650A3,版式设计,B02,单汶静,3,麦庐园校区, 普通,2-234,,,0,0
